{
  "sections": {
    "fa846a75-d2c6-4f3b-b0d6-e57ff547fcc4": {
      "type": "hero-banner",
      "custom_css": [
        "a.btn2.btn3 {background: transparent; color: white; border-radius: 0px !important;}",
        "@media screen and (max-width: 540px) {.main_heading_wrap p {font-size: 3rem; padding: right:25px; padding-right: 15px; padding-left: 15px; } @media screen and (max-width: 540px) {.main_heading_wrap h1 {font-size: 6rem; }}"
      ],
      "settings": {
        "fix": true,
        "image": "shopify:\/\/shop_images\/Bag_Collection_Centered.jpg",
        "image1": "shopify:\/\/shop_images\/Bag_collection_mobile02.jpg",
        "heading": "The Gear Everyone’s Raving About",
        "text": "<p>For daily commutes, adventures, and everything in between.<\/p>",
        "btn_text": "Shop NOW",
        "btn_url": "shopify:\/\/collections\/bags",
        "ptop": 0
      }
    },
    "rich_text_fFRwKX": {
      "type": "rich-text",
      "blocks": {
        "heading_tm98Nd": {
          "type": "heading",
          "settings": {
            "heading": "Shop By Category",
            "heading_size": "h2"
          }
        }
      },
      "block_order": [
        "heading_tm98Nd"
      ],
      "disabled": true,
      "settings": {
        "color_scheme": "background-1",
        "full_width": true,
        "padding_top": 56,
        "padding_bottom": 0
      }
    },
    "16449129001a045449": {
      "type": "carousel-section",
      "blocks": {
        "0d7e3d43-a858-4256-a17d-159a82efe61d": {
          "type": "text",
          "settings": {
            "image": "shopify:\/\/shop_images\/Category_Backpacks.jpg",
            "buttontext": "Backpacks",
            "buttonlink": "shopify:\/\/collections\/backpacks"
          }
        },
        "d8559e9b-53fd-4895-9bf2-757d2ee31a5a": {
          "type": "text",
          "settings": {
            "image": "shopify:\/\/shop_images\/category-tote-2.jpg",
            "buttontext": "Totes",
            "buttonlink": "shopify:\/\/collections\/totes"
          }
        },
        "1d8f80d3-9efd-4d3f-a9cb-6ac75c762c92": {
          "type": "text",
          "settings": {
            "image": "shopify:\/\/shop_images\/category_slings.jpg",
            "buttontext": "Slings",
            "buttonlink": "shopify:\/\/collections\/slings"
          }
        },
        "64e1cc00-2efb-41f5-a107-16f980f915e9": {
          "type": "text",
          "settings": {
            "image": "shopify:\/\/shop_images\/category_accessories.jpg",
            "buttontext": "Accessories",
            "buttonlink": "shopify:\/\/collections\/accessories"
          }
        },
        "text_ttqn89": {
          "type": "text",
          "settings": {
            "buttontext": "",
            "buttonlink": ""
          }
        }
      },
      "block_order": [
        "0d7e3d43-a858-4256-a17d-159a82efe61d",
        "d8559e9b-53fd-4895-9bf2-757d2ee31a5a",
        "1d8f80d3-9efd-4d3f-a9cb-6ac75c762c92",
        "64e1cc00-2efb-41f5-a107-16f980f915e9",
        "text_ttqn89"
      ],
      "disabled": true,
      "settings": {}
    },
    "rich_text_NnJB8g": {
      "type": "rich-text",
      "blocks": {
        "heading_RFynWD": {
          "type": "heading",
          "settings": {
            "heading": "Planning Your Next Trip?",
            "heading_size": "h2"
          }
        },
        "text_Cccw63": {
          "type": "text",
          "settings": {
            "text": "<p>Pack Smarter with These Favorites<\/p>"
          }
        }
      },
      "block_order": [
        "heading_RFynWD",
        "text_Cccw63"
      ],
      "custom_css": [
        ".rich-text__blocks h2 {margin-bottom: 10px;}",
        ".rich-text__blocks h2 {font-size: 3.6rem;}",
        ".rich-text__text p {font-size: 20px;}",
        ".rich-text-cont {margin-bottom: -30px;}"
      ],
      "settings": {
        "color_scheme": "background-1",
        "full_width": true,
        "padding_top": 40,
        "padding_bottom": 0
      }
    },
    "product_listing_4VUX7V": {
      "type": "product-listing",
      "custom_css": [
        ".product_slide .container {background-color: #f5f5f5;}"
      ],
      "settings": {
        "collection": "traveling-favorites",
        "grid": 4
      }
    },
    "icon_bar_mPY6qp": {
      "type": "icon-bar",
      "blocks": {
        "text_6YMbCn": {
          "type": "text",
          "settings": {
            "heading": "<p style=\"text-align:center;\"><a style=\"text-decoration:none;\" target=\"_self\" rel=\"noopener noreferrer\" href=\"https:\/\/symplofficial.com\/collections\/under-50?abralink=BF24\"><span style=\"color:#212121;font-family:Verdana, Geneva, sans-serif;font-size:15px;\"><strong>UNDER $50<\/strong><\/span><\/a><\/p>",
            "subheading": "",
            "image": ""
          }
        },
        "text_B6aEad": {
          "type": "text",
          "settings": {
            "heading": "<p style=\"text-align:center;\"><a style=\"text-decoration:none;\" target=\"_self\" rel=\"noopener noreferrer\" href=\"https:\/\/symplofficial.com\/collections\/under-100?abralink=BF24\"><span style=\"color:#212121;font-family:Verdana, Geneva, sans-serif;font-size:15px;\"><strong>UNDER $100<\/strong><\/span><\/a><\/p>",
            "subheading": "",
            "image": ""
          }
        },
        "text_e3U9aL": {
          "type": "text",
          "settings": {
            "heading": "<p style=\"text-align:center;\"><a style=\"text-decoration:none;\" target=\"_self\" rel=\"noopener noreferrer\" href=\"https:\/\/symplofficial.com\/collections\/under-200?abralink=BF24\"><span style=\"color:#212121;font-family:Verdana, Geneva, sans-serif;font-size:15px;\"><strong>UNDER $200<\/strong><\/span><\/a><\/p>",
            "subheading": "",
            "image": ""
          }
        },
        "text_WNABiX": {
          "type": "text",
          "settings": {
            "heading": "<p style=\"text-align:center;\"><a style=\"text-decoration:none;\" target=\"_self\" rel=\"noopener noreferrer\" href=\"https:\/\/symplofficial.com\/collections\/under-300?abralink=BF24\"><span style=\"color:#212121;font-family:Verdana, Geneva, sans-serif;font-size:15px;\"><strong>UNDER $300<\/strong><\/span><\/a><\/p>",
            "subheading": "",
            "image": ""
          }
        }
      },
      "block_order": [
        "text_6YMbCn",
        "text_B6aEad",
        "text_e3U9aL",
        "text_WNABiX"
      ],
      "disabled": true,
      "custom_css": [
        ".h2 {margin-bottom: -25px;}"
      ],
      "settings": {}
    },
    "carousel_section_rcyPV4": {
      "type": "carousel-section",
      "blocks": {
        "text_J4QMwm": {
          "type": "text",
          "settings": {
            "image": "shopify:\/\/shop_images\/The-entrepreneur.jpg",
            "buttontext": "THE ENTREPENEUR",
            "buttonlink": "https:\/\/symplofficial.com\/collections\/the-entrepreneur?abralink=BF24"
          }
        },
        "text_BCGhxt": {
          "type": "text",
          "settings": {
            "image": "shopify:\/\/shop_images\/The-adventurer.jpg",
            "buttontext": "THE ADVENTURER",
            "buttonlink": "https:\/\/symplofficial.com\/collections\/the-adventurer?abralink=BF24"
          }
        },
        "text_JYJVwq": {
          "type": "text",
          "settings": {
            "image": "shopify:\/\/shop_images\/The-Jettseter.jpg",
            "buttontext": "THE JETSETTER",
            "buttonlink": "https:\/\/symplofficial.com\/collections\/the-jetsetter?abralink=BF24"
          }
        }
      },
      "block_order": [
        "text_J4QMwm",
        "text_BCGhxt",
        "text_JYJVwq"
      ],
      "disabled": true,
      "custom_css": [
        ".affilate_section {margin-top: -100px;}"
      ],
      "settings": {}
    },
    "image_with_text_X9nJfx": {
      "type": "image-with-text",
      "blocks": {
        "text_HTHHdt": {
          "type": "text",
          "settings": {
            "image": "shopify:\/\/shop_images\/GIft-Card-homepage.jpg",
            "heading": "<p><span style=\"color:#212121;font-family:'Poppins', sans-serif;font-size:32px;\"><strong>The Gift That Keeps On Giving<\/strong><\/span><\/p>",
            "text": "<p>Give them the choice with a gift card for their next travel essential.<\/p>",
            "buttontext": "SHOP  GIFT CARDS",
            "buttonlink": "https:\/\/symplofficial.com\/collections\/black-friday-early-access\/products\/gift-card?abralink=BF24"
          }
        }
      },
      "block_order": [
        "text_HTHHdt"
      ],
      "disabled": true,
      "settings": {}
    },
    "logo_section_bBG46C": {
      "type": "logo-section",
      "blocks": {
        "text_hnwQX6": {
          "type": "text",
          "settings": {
            "image": "shopify:\/\/shop_images\/hundreds.png"
          }
        },
        "text_FiU3qC": {
          "type": "text",
          "settings": {
            "image": "shopify:\/\/shop_images\/images-removebg-preview_7da97b06-4c3f-4201-b3cd-bc9524858a6d.png"
          }
        },
        "text_xVa3YY": {
          "type": "text",
          "settings": {
            "image": "shopify:\/\/shop_images\/HYPEBEAST-Logo_f4c57ce4-260a-4720-8426-a4f89b5615be.png"
          }
        },
        "text_8fp3zJ": {
          "type": "text",
          "settings": {
            "image": "shopify:\/\/shop_images\/lgy0aigguwhqwxdv6drh.png"
          }
        }
      },
      "block_order": [
        "text_hnwQX6",
        "text_FiU3qC",
        "text_xVa3YY",
        "text_8fp3zJ"
      ],
      "custom_css": [
        ".recommand_section-bg {background: #ffffff;}",
        "h5 {font-size: 2.8rem;}",
        ".container {max-width: 1240px; padding: 0px 0px; margin: 0 auto; margin-bottom: -25px;}",
        ".recommand_img {background: #ffffff; justify-content: center; align-items: center; width: 100%; height: 75px; padding: 10px; position: relative;}",
        "[data-aos][data-aos][data-aos-duration=\"3000\"],body[data-aos-duration=\"3000\"] [data-aos] {transition-duration: 0s;}",
        ".recommand_width {padding: 0px;}",
        "element.style {padding-right: 5px;}",
        ".recommanded_wrap h5 {color: #8eafab;}"
      ],
      "settings": {
        "heading": "As Featured In:"
      }
    },
    "judgeme_carousel_section_cBEcx7": {
      "type": "judgeme_carousel_section",
      "custom_css": [],
      "settings": {
        "maxwidth": 1080
      }
    },
    "164491293513a216b7": {
      "type": "image-with-text",
      "blocks": {
        "93dfb55d-f101-43ff-ab44-198906b40031": {
          "type": "text",
          "disabled": true,
          "settings": {
            "image": "shopify:\/\/shop_images\/FlatyLay-homepage_LR.jpg",
            "heading": "The Move Freely™️ Bag Collection",
            "text": "<p>Our bags are designed to meet your needs with every feature you've ever dreamed of. Built to last, with sustainability in mind.<\/p>",
            "buttontext": "SHOP NOW",
            "buttonlink": "shopify:\/\/collections\/move-freely"
          }
        },
        "9ac66fcd-7443-4b2d-b3d3-2e0893f043b9": {
          "type": "text",
          "settings": {
            "image": "shopify:\/\/shop_images\/Homepage-LR-all_bags.jpg",
            "heading": "From Office to Outdoors.",
            "text": "<p>Your must-have carry for any adventure, loaded with smart organization and tech features.<\/p>",
            "buttontext": "SHOP NOW",
            "buttonlink": "shopify:\/\/collections\/bags"
          }
        },
        "22e3a8ac-a7eb-4526-8a2f-75cdc47839b0": {
          "type": "text",
          "settings": {
            "image": "shopify:\/\/shop_images\/Homepage-LR-1.jpg",
            "heading": "Durable, Timeless, Sustainable.",
            "text": "<p>We’ve been places, we’re going places. WHERE NEXT®<\/p>",
            "buttontext": "LEARN MORE",
            "buttonlink": "shopify:\/\/pages\/about-us"
          }
        },
        "6a584f44-0f93-4d93-ba33-cc4fa2d6bfd7": {
          "type": "text",
          "disabled": true,
          "settings": {
            "image": "shopify:\/\/shop_images\/Homepage-About-LR.png",
            "heading": "Who We Are",
            "text": "<p>We create sustainable <strong>travel<br\/>essentials <\/strong>for adventurous minds<br\/>that think and live outside the box.<\/p><p>Our gear is designed to motivate<br\/>you to ask ...<strong> wherenext™️<\/strong><br\/><\/p>",
            "buttontext": "Learn More",
            "buttonlink": "shopify:\/\/pages\/about-us"
          }
        }
      },
      "block_order": [
        "93dfb55d-f101-43ff-ab44-198906b40031",
        "9ac66fcd-7443-4b2d-b3d3-2e0893f043b9",
        "22e3a8ac-a7eb-4526-8a2f-75cdc47839b0",
        "6a584f44-0f93-4d93-ba33-cc4fa2d6bfd7"
      ],
      "settings": {}
    },
    "rich_text_pVKeky": {
      "type": "rich-text",
      "blocks": {
        "heading_wNrrCj": {
          "type": "heading",
          "settings": {
            "heading": "Shop Best Sellers",
            "heading_size": "h2"
          }
        }
      },
      "block_order": [
        "heading_wNrrCj"
      ],
      "custom_css": [
        ".h2 {margin-bottom: -25px;}"
      ],
      "settings": {
        "color_scheme": "background-1",
        "full_width": true,
        "padding_top": 44,
        "padding_bottom": 0
      }
    },
    "1644912968f7f7fb30": {
      "type": "product-listing",
      "custom_css": [
        ".product_slide {margin-bottom: 50px;}"
      ],
      "settings": {
        "collection": "best-sellers",
        "grid": 4
      }
    }
  },
  "order": [
    "fa846a75-d2c6-4f3b-b0d6-e57ff547fcc4",
    "rich_text_fFRwKX",
    "16449129001a045449",
    "rich_text_NnJB8g",
    "product_listing_4VUX7V",
    "icon_bar_mPY6qp",
    "carousel_section_rcyPV4",
    "image_with_text_X9nJfx",
    "logo_section_bBG46C",
    "judgeme_carousel_section_cBEcx7",
    "164491293513a216b7",
    "rich_text_pVKeky",
    "1644912968f7f7fb30"
  ]
}
