{"order":["full_width_header_text_left_wkC9nK","fa846a75-d2c6-4f3b-b0d6-e57ff547fcc4","shop_by_category_bkPtBz","activities_7P9Gyc","best_sellers_nc4fW7","as_featured_in_PiM4Aa","shop_new_releases_fNNLbF","testimonials_R3hARf"],"sections":{"activities_7P9Gyc":{"block_order":["activity_dN9LjN","activity_QdQyKG","activity_rghPgr","activity_aBYqV6","activity_Q8cRBU"],"blocks":{"activity_Q8cRBU":{"settings":{"activity_name":"Adventure","desktop_image":"shopify://shop_images/Desktop_Activites-5.jpg","link":"shopify://collections/adventure","mobile_image":"shopify://shop_images/Mobile_Activies-5.jpg","show_arrow":false},"type":"activity"},"activity_QdQyKG":{"settings":{"activity_name":"Travel","desktop_image":"shopify://shop_images/Desktop_Activites-2.jpg","link":"shopify://collections/travel","mobile_image":"shopify://shop_images/Mobile_Activies-2.jpg","show_arrow":false},"type":"activity"},"activity_aBYqV6":{"settings":{"activity_name":"Work","desktop_image":"shopify://shop_images/Desktop_Activites-4.jpg","link":"shopify://collections/work","mobile_image":"shopify://shop_images/Mobile_Activies-4.jpg","show_arrow":false},"type":"activity"},"activity_dN9LjN":{"settings":{"activity_name":"EDC","desktop_image":"shopify://shop_images/Desktop_Activites.jpg","link":"shopify://collections/edc","mobile_image":"shopify://shop_images/Mobile_Activies.jpg","show_arrow":false},"type":"activity"},"activity_rghPgr":{"settings":{"activity_name":"Active","desktop_image":"shopify://shop_images/Desktop_Activites-3.jpg","link":"shopify://collections/active","mobile_image":"shopify://shop_images/Mobile_Activies-3.jpg","show_arrow":false},"type":"activity"}},"name":"Activities","settings":{"title":"ACTIVITIES"},"type":"activities"},"as_featured_in_PiM4Aa":{"block_order":["logo_4TExrN","logo_jkNPQc","logo_AjiHFU","logo_LgdhWQ","logo_eP7aqF"],"blocks":{"logo_4TExrN":{"settings":{"logo_image":"shopify://shop_images/GQ-banner-3.png","logo_link":"","logo_name":"GQ"},"type":"logo"},"logo_AjiHFU":{"settings":{"logo_image":"shopify://shop_images/Acquire-banner.png","logo_link":"","logo_name":"Acquire"},"type":"logo"},"logo_LgdhWQ":{"settings":{"logo_image":"shopify://shop_images/Hypbeast-banner.png","logo_link":"","logo_name":"Hypebeast"},"type":"logo"},"logo_eP7aqF":{"settings":{"logo_image":"shopify://shop_images/Hundreds-banner.png","logo_link":"","logo_name":"The Hundreds"},"type":"logo"},"logo_jkNPQc":{"settings":{"logo_image":"shopify://shop_images/Hundreds-banner.png","logo_link":"","logo_name":"The Hundreds"},"type":"logo"}},"name":"As Featured In","settings":{"scroll_speed":20,"title":"As Featured In"},"type":"as-featured-in"},"best_sellers_nc4fW7":{"name":"Best Sellers","settings":{"collection":"best-sellers","default_subtitle":"Premium Quality","products_to_show":8,"subtitle_1":"Premium Travel Backpack","subtitle_10":"Compact Travel Solution","subtitle_11":"Ergonomic Comfort Design","subtitle_12":"Premium Quality Materials","subtitle_2":"Perfect for Weekend Trips","subtitle_3":"Ideal for Daily Commute","subtitle_4":"Versatile All-Terrain Tote","subtitle_5":"Lightweight Travel Companion","subtitle_6":"Durable Everyday Carry","subtitle_7":"Spacious Storage Solution","subtitle_8":"Stylish Urban Design","subtitle_9":"Water-Resistant Material","title":"Shop best sellers"},"type":"best-sellers"},"fa846a75-d2c6-4f3b-b0d6-e57ff547fcc4":{"custom_css":["a.btn2.btn3 {background: transparent; color: white; border-radius: 0px !important;}","@media screen and (max-width: 540px) {.main_heading_wrap p {font-size: 3rem; padding: right:25px; padding-right: 15px; padding-left: 15px; } @media screen and (max-width: 540px) {.main_heading_wrap h1 {font-size: 6rem; }}"],"disabled":true,"settings":{"btn_text":"Shop NOW","btn_url":"shopify://products/tech-card-wallet","fix":true,"heading":"Introducing the Tech wallets","image":"shopify://shop_images/Wallet-homepage-2.jpg","image1":"shopify://shop_images/Bag_collection_mobile02.jpg","ptop":0,"text":"\u003cp\u003e\u003cstrong\u003eMagnetic, Compact, Pocket-Perfection.\u003c/strong\u003e\u003c/p\u003e"},"type":"hero-banner"},"full_width_header_text_left_wkC9nK":{"block_order":["slide_cjdzRH","slide_myCnz9","slide_DdFNyw"],"blocks":{"slide_DdFNyw":{"disabled":true,"settings":{"autoplay":true,"btn_text":"Preorder now","btn_url":"shopify://products/packing-cubes","content_type":"image","controls":false,"desktop_image":"shopify://shop_images/V2-COmmuter-Homepage.jpg","desktop_video":"","heading":"V2 Commuter Pack 20L Has Arrived","loop":true,"mobile_image":"shopify://shop_images/V2_Commuter_Homepage_mobile.jpg","mobile_padding_top":252,"mobile_video":"","muted":true,"text":"\u003cp\u003e\u003cstrong\u003eRefined, Redesigned, Re-engineered.\u003c/strong\u003e\u003c/p\u003e"},"type":"slide"},"slide_cjdzRH":{"settings":{"autoplay":true,"btn_text":"Shop Now","btn_url":"https://symplofficial.com/products/commuter-pack?variant=43911179829282","content_type":"video","controls":false,"desktop_video":"https://cdn.shopify.com/videos/c/o/v/f6084c9235a245d983b04d755d690a86.mp4","heading":"The Commuter Pack, Now in Ballistic.","loop":true,"mobile_padding_top":50,"mobile_video":"https://cdn.shopify.com/videos/c/o/v/91a103701ab242408e98edd9b929a2d2.mp4","muted":true,"text":"\u003cp\u003eNow available in\u003cstrong\u003e Cordura\u003c/strong\u003e \u003cstrong\u003eBallistic Nylon.\u003c/strong\u003e\u003c/p\u003e\u003cp\u003eBuilt to handle anything.\u003c/p\u003e","video_poster":"shopify://shop_images/cycleride.png","video_poster_mobile":"shopify://shop_images/cycleridemobileposter.jpg"},"type":"slide"},"slide_myCnz9":{"disabled":true,"settings":{"autoplay":true,"btn_text":"Preorder Now","btn_url":"shopify://collections/bags","content_type":"image","controls":false,"desktop_image":"shopify://shop_images/V2-COmmuter-Homepage.jpg","desktop_video":"","heading":"V2 Commuter Pack 20L Has Arrived","loop":true,"mobile_image":"shopify://shop_images/V2_Commuter_Homepage_mobile.jpg","mobile_padding_top":252,"mobile_video":"","muted":true,"text":"\u003cp\u003e\u003cstrong\u003eRefined, Redesigned, Re-engineered.\u003c/strong\u003e\u003c/p\u003e"},"type":"slide"}},"custom_css":["a.btn2.btn3 {background: transparent; color: white; border-radius: 0px !important;}","@media screen and (max-width: 600px) {.main_heading_wrap p {font-size: 3rem; padding: right:25px; padding-right: 15px; padding-left: 0px; } @media screen and (max-width: 600px) {.main_heading_wrap h1 {font-size: 5rem; margin-top:-30px; }}"],"settings":{"auto_slide":false,"fix":true,"slide_interval":5,"text_alignment":"center"},"type":"full-width-header-text-left"},"shop_by_category_bkPtBz":{"block_order":["category_KjeKCX","category_q7d9Qz","category_N4eQEX","category_znqXmr","category_Q3Qbp3"],"blocks":{"category_KjeKCX":{"settings":{"image":"shopify://shop_images/Laptop-Lifestyle-Commuter-20L_Ballistic.jpg","link":"shopify://collections/backpacks","subtitle":"","title":"Backpacks"},"type":"category"},"category_N4eQEX":{"settings":{"image":"shopify://shop_images/Category_slings_ef691945-80de-4efe-97ff-e45b7ca2095a.jpg","link":"shopify://collections/slings","subtitle":"","title":"Slings"},"type":"category"},"category_Q3Qbp3":{"settings":{"image":"shopify://shop_images/Category_wallets.jpg","link":"shopify://collections/wallets","subtitle":"Cash \u0026 Cards","title":"Wallets"},"type":"category"},"category_q7d9Qz":{"settings":{"image":"shopify://shop_images/All-Terrain-Tote-functions.jpg","link":"shopify://collections/totes","subtitle":"","title":"Totes"},"type":"category"},"category_znqXmr":{"settings":{"image":"shopify://shop_images/Teech-Kit-PDP-4.jpg","link":"shopify://collections/accessories","subtitle":"","title":"Accessories"},"type":"category"}},"name":"Shop by Category","settings":{"background_color":"#ffffff","title":"Shop by category","title_color":"#333333"},"type":"shop-by-category"},"shop_new_releases_fNNLbF":{"block_order":["slide_WNUFe9","slide_nQcCrm","slide_9MRP6n","slide_BHiyYQ"],"blocks":{"slide_9MRP6n":{"settings":{"image":"shopify://shop_images/Shop_New_Releases_1.jpg","link":"shopify://products/dopp-kit","price":"Carbonate","title":"Dopp Kit"},"type":"slide"},"slide_BHiyYQ":{"settings":{"image":"shopify://shop_images/Shop_New_Releases_2.jpg","link":"shopify://products/tech-wallet","price":"Note \u0026 Card","title":"Tech Wallets"},"type":"slide"},"slide_WNUFe9":{"settings":{"image":"shopify://shop_images/Shop_New_Releases_4.jpg","link":"shopify://products/commuter-pack","price":"Ballistic \u0026 Carbonate","title":"Commuter Pack 20L"},"type":"slide"},"slide_nQcCrm":{"settings":{"image":"shopify://shop_images/Shop_New_Releases_3.jpg","link":"shopify://products/all-terrain-tote","price":"Ballistic \u0026 X-Pac","title":"All Terrain Tote  20L"},"type":"slide"}},"name":"Shop New Releases","settings":{"heading":"Shop new drops"},"type":"shop-new-releases"},"testimonials_R3hARf":{"block_order":["testimonial_XGgGnN","testimonial_Pbi86w","testimonial_aP4n6e"],"blocks":{"testimonial_Pbi86w":{"settings":{"author":"Corey W.","quote":"I’ve used my Sympl bags everywhere—from weekend trips to international travel, and they’ve held up great. Everything’s easy to access, and I never feel like I’m carrying too much."},"type":"testimonial"},"testimonial_XGgGnN":{"settings":{"author":"Brett L.","quote":"Sympl just gets it. The design, the details, the way everything’s built to work and look good—I’ve been impressed from the start. Plus their customer service is top notch and were so helpful when I had reached out with questions."},"type":"testimonial"},"testimonial_aP4n6e":{"settings":{"author":"Tyler L.","quote":"Out of all the brands I own, Sympl is the one I reach for the most and the brand I keep coming back to. I love that everything works great together or on its own. It’s all super durable and so well designed, it makes every trip easier."},"type":"testimonial"}},"name":"Testimonials","settings":{"mobile_author":"Shanna C.","mobile_quote":"I love Away! From the thoughtfully created products to the customer service team that seems to go above and beyond, everything is exactly how I'd want it to be."},"type":"testimonials"}}}