{"sections":{"16449353856204e4aa":{"type":"hero-banner","settings":{"image":"shopify:\/\/shop_images\/t_brand_bg.jpg","heading":"sympl studiosº","text":"<p>Sympl designs high quality sustainable adventure essentials that enable you to let go, and move effortlessly through any environment.<\/p>"}},"164493549798deb70c":{"type":"image-with-text","blocks":{"dfb6ffba-d004-4e8f-95fc-e702c5e37872":{"type":"text","settings":{"image":"shopify:\/\/shop_images\/template_b1.jpg","heading":"It’s sympl.","text":"<p>Like you, we have strong values, which is why we build our products to withstand the elements while performing and protecting.<\/p>","buttontext":"","buttonlink":""}},"c0a15e36-26a5-42fb-9460-41b0a10ba342":{"type":"text","settings":{"image":"shopify:\/\/shop_images\/template_b2_ab4dfbd6-da93-4585-9f61-e78ca86d9c6e.jpg","heading":"Motivated by experience.","text":"<p>We’ve been places, we’re going places. We believe in a sustainable future.<\/p>","buttontext":"","buttonlink":""}}},"block_order":["dfb6ffba-d004-4e8f-95fc-e702c5e37872","c0a15e36-26a5-42fb-9460-41b0a10ba342"],"settings":{}},"1644935942f508da18":{"type":"adventure-section","blocks":{"31424d95-7c88-480e-af6f-ea6ec064237b":{"type":"text","settings":{"image":"shopify:\/\/shop_images\/advanture1.jpg","heading":".25-2º","subheading":"Su","text":"<p>Sustainability<\/p>"}},"c34aea27-cb5a-42c5-b203-87c880a878e1":{"type":"text","settings":{"image":"shopify:\/\/shop_images\/advanture2.jpg","heading":"25-2º","subheading":"Ep","text":"<p>Elemental Protection<\/p>"}},"dc72fc30-a96d-4a1e-bb2a-7b3ad4c2fd0e":{"type":"text","settings":{"image":"shopify:\/\/shop_images\/advanture3.jpg","heading":"5-2º","subheading":"Mo","text":"<p>Mobility<\/p>"}},"a30e19c1-fc77-4ded-9b6a-7bdce9868d07":{"type":"text","settings":{"image":"shopify:\/\/shop_images\/advanture4.jpg","heading":"25-2º","subheading":"Du","text":"<p>Durability<\/p>"}}},"block_order":["31424d95-7c88-480e-af6f-ea6ec064237b","c34aea27-cb5a-42c5-b203-87c880a878e1","dc72fc30-a96d-4a1e-bb2a-7b3ad4c2fd0e","a30e19c1-fc77-4ded-9b6a-7bdce9868d07"],"settings":{"heading":"values for adventure."}},"164493596945a149c7":{"type":"image-with-text-2","blocks":{"6c04f076-b2d4-4d0c-813a-0473db749683":{"type":"text","settings":{"image":"shopify:\/\/shop_images\/tandc1.jpg","heading":"SUSTAINABILE DESIGNS","text":"<p>Sustainability allows us to do the things we love without damaging the earth we care for. If we protect our planet, it will protect us, and provide us with endless opportunities to explore.<\/p>"}},"ee2d702a-569b-4d82-97ef-59ec0476584e":{"type":"text","settings":{"image":"shopify:\/\/shop_images\/tandc2.jpg","heading":"WHY WE DO THIS","text":"<p>The world is full of endless experiences that enable us to learn and grow. Each place we visit becomes a chapter in our story. We've been places, we're going places...<\/p>"}},"57183899-44cf-44aa-a5f9-75e8a71726d2":{"type":"text","settings":{"image":"shopify:\/\/shop_images\/tandc3.jpg","heading":"LIKE YOU, SYMPL HAS","text":"<p>Curiosity for AdventurePassionate BeliefsCreative InspirationsSustainable Values<\/p>"}}},"block_order":["6c04f076-b2d4-4d0c-813a-0473db749683","ee2d702a-569b-4d82-97ef-59ec0476584e","57183899-44cf-44aa-a5f9-75e8a71726d2"],"settings":{}},"1644936377b01934b7":{"type":"image-overlay","settings":{"image":"shopify:\/\/shop_images\/protect_us_bg.jpg","heading":"if we protect the planet, it will protect us.","text":"","buttontext":"","buttonlink":""}}},"order":["16449353856204e4aa","164493549798deb70c","1644935942f508da18","164493596945a149c7","1644936377b01934b7"]}