{"sections":{"main":{"type":"main-page","disabled":true,"settings":{}},"1644943063fffc95cc":{"type":"hero-banner","settings":{"fix":false,"image":"shopify:\/\/shop_images\/sustainability_header_b879b42d-b949-452f-a188-3aed864de2d0.jpg","image1":"shopify:\/\/shop_images\/Sustainability-mobile.jpg","heading":"We have made a full commitment to sustainability.","text":"","btn_text":"","btn_url":"","ptop":0}},"16520322164881c23a":{"type":"rich-text","blocks":{"165203221601e958d6-0":{"type":"heading","settings":{"heading":"A Sympl Story","heading_size":"h0"}},"165203221601e958d6-1":{"type":"text","settings":{"text":"<p>We create functional, durable, repairable products that reduce our impact on our planet. We support the innovation of processes, materials and fabrics that push our industry towards a more sustainable and regenerative future. We reinvest in our planet by supporting environmental efforts that protect and restore nature from collecting plastics in the sea to supporting the reforestation of our kelp forests that sequester carbon and mitigate climate change, provide food and shelter for countless species from seals to seabass all the while breathing climate resiliency into our coastlines and coastal communities. And this is just the start. In the coming years we will be double down on these commitments, learn and iterate, collaborate and reciprocate. It’s not lost on us that saving our home planet will require a groundswell. Join us. <\/p>"}},"165203221601e958d6-2":{"type":"button","disabled":true,"settings":{"button_label":"Button label","button_link":"","button_style_secondary":false}}},"block_order":["165203221601e958d6-0","165203221601e958d6-1","165203221601e958d6-2"],"settings":{"color_scheme":"background-1","full_width":true,"padding_top":60,"padding_bottom":60}},"16449430809227ed24":{"type":"image-with-text","blocks":{"19b876c9-865e-4c1d-ae69-064dad492c5d":{"type":"text","settings":{"image":"shopify:\/\/shop_images\/sunstainability-LR-1.jpg","heading":"Putting the planet first.","text":"<p>We believe and strive to accomplish 4 core values in everything we do:  Use sustainble materials, responsible manufacturing, sustainable packaging and partner with like-minded ambasadors to support our innitiatives.  <\/p>","buttontext":"","buttonlink":""}},"18216fec-af31-4ede-accc-1f43ff1238d1":{"type":"text","settings":{"image":"shopify:\/\/shop_images\/Beach_Clean_Up.jpg","heading":"Sharing Our Initiatives.","text":"<p>Whether hosting a full-scale beach beach clean-up or rallying for reforestation in coastal environments, we constantly remain engaged in environmentally friendly activations.<\/p>","buttontext":"","buttonlink":""}},"61508b72-92ee-42cc-b480-ceb020fa8b71":{"type":"text","settings":{"image":"shopify:\/\/shop_images\/Where_Next-Hero-2.jpg","heading":"Our 4 Core Values.","text":"<p>We hand select our ambassadors who share our 4 core values with intention around our sustainable initiatives and goals, and work closely with neighbors and ally's to organize beach, waterway and community clean ups to remove trash and plastics from these areas across the globe to help for a better tomorrow. <\/p>","buttontext":"","buttonlink":""}},"c76b02ca-d512-4934-934f-9e75b72c9dcb":{"type":"text","settings":{"image":"shopify:\/\/shop_images\/Day-LR-2.jpg","heading":"Long Lasting Materials.","text":"<p>We believe the ultimate sustainability is defined by products that last longer, which is why we choose durable, eco-friendly fabrications throughout our entire range of goods. <\/p>","buttontext":"","buttonlink":""}},"aead0440-f6af-4eae-bb57-d9a516de9ebe":{"type":"text","settings":{"image":"shopify:\/\/shop_images\/rolls-lr-7.jpg","heading":"Sustainable Materials.","text":"<p>Some of our material innovations include 97% recycled CORDURAⓇ Nylon, 100% recycled Repreve post consumer plastic bottle based fabrics, biodegradable foams, solution dyed YKKⓇ zippers, and Bluesign Certified Duraflex hardware, all paired with FSC certified ecycled and biodegradable packaging.  <\/p>","buttontext":"","buttonlink":""}},"27245f84-0052-482f-bcd0-3c1db10fd22c":{"type":"text","disabled":true,"settings":{"image":"shopify:\/\/shop_images\/Responsible_Manufactuering.jpg","heading":"Responsible Manufacturing.","text":"<p>We carefully hand select our manufacturing partners to ensure they use economically sound processes that minimize negative impacts while conserving energy and natural resources. We do not work with any manufacturing partners that use child labor, and all employess are paid fair wages.<\/p>","buttontext":"","buttonlink":""}}},"block_order":["19b876c9-865e-4c1d-ae69-064dad492c5d","18216fec-af31-4ede-accc-1f43ff1238d1","61508b72-92ee-42cc-b480-ceb020fa8b71","c76b02ca-d512-4934-934f-9e75b72c9dcb","aead0440-f6af-4eae-bb57-d9a516de9ebe","27245f84-0052-482f-bcd0-3c1db10fd22c"],"settings":{}},"16514369455b496e09":{"type":"video-section","settings":{"video":"https:\/\/cdn.shopify.com\/s\/files\/1\/0563\/8802\/6402\/files\/Sympl_Sustainability_Video_small.mp4?v=1652378154","video1":"","heading":""}},"1652032483ef3c2080":{"type":"image-with-text","blocks":{"5117e2aa-bb95-404d-a723-69b64cb839fd":{"type":"text","settings":{"image":"shopify:\/\/shop_images\/Sustainbilty-LR-box.jpg","heading":"Earth Friendly Packaging.","text":"<p>From that fresh unboxing moment to the elemental protection and durability that keeps your goods looking new longer. This approach is also applied to our packaging through recyled, biodegradable and FSC certified materials across our entire packaging range.  You won’t find excess or harmful materials with our products, so you can discard of our packaging feeling confident that you wont be harming our planet.<\/p>","buttontext":"","buttonlink":""}},"212afcb0-27cf-4190-a9ac-067c3e33eb3b":{"type":"text","settings":{"image":"shopify:\/\/shop_images\/Responsible_Manufactuering.jpg","heading":"Responsible Manufacturing.","text":"<p>We carefully hand select our manufacturing partners to ensure they use economically sound processes that minimize negative impacts while conserving energy and natural resources. We do not work with any manufacturing partners that use child labor, and all employess are paid fair wages.<\/p>","buttontext":"","buttonlink":""}},"1a5b378d-1579-49ba-a796-5341c2eb5dee":{"type":"text","disabled":true,"settings":{"image":"shopify:\/\/shop_images\/sustainability-LR-gif.gif","heading":"Materials that perform well, and break down better.","text":"<p>In addition to our sustainable material fabrications and packaging sympl also features specially designs biodegradable products and traction that allow for you to discard your product along with your old board, while also delivering the confidence that our products will safely break down in landfills.<\/p>","buttontext":"","buttonlink":""}}},"block_order":["5117e2aa-bb95-404d-a723-69b64cb839fd","212afcb0-27cf-4190-a9ac-067c3e33eb3b","1a5b378d-1579-49ba-a796-5341c2eb5dee"],"settings":{}},"1651437011a96a39bd":{"type":"rich-text","blocks":{"1651437011285318c9-0":{"type":"heading","settings":{"heading":"TELL US HOW WE CAN DO BETTER.","heading_size":"h0"}},"1651437011285318c9-1":{"type":"text","settings":{"text":"<p>Our sustainability innatiatives are always evolving, we’d love to hear your feedback or ideas on how we can do better.  Let us know your thoughts so we can make this world a better place together.<\/p>"}},"1651437011285318c9-2":{"type":"button","disabled":true,"settings":{"button_label":"","button_link":"","button_style_secondary":true}}},"block_order":["1651437011285318c9-0","1651437011285318c9-1","1651437011285318c9-2"],"settings":{"color_scheme":"background-1","full_width":true,"padding_top":40,"padding_bottom":52}},"1652245397665c78a7":{"type":"contact-form","settings":{"heading":"","color_scheme":"background-1","padding_top":36,"padding_bottom":76}},"16514370194a63e245":{"type":"heading","disabled":true,"settings":{"heading":"Symply Activated."}},"1651437076804cc456":{"type":"carousel-section","blocks":{"c3f83c4b-43f3-4e32-9c64-74f0e065a85b":{"type":"text","settings":{"image":"shopify:\/\/shop_images\/affilate_program-1.jpg","buttontext":"BEACH CLEAN UPS","buttonlink":""}},"7230ca43-3ac4-445f-88a5-8b9af021d596":{"type":"text","settings":{"image":"shopify:\/\/shop_images\/Section-4_Durability.jpg","buttontext":"Rallying for Reforestation","buttonlink":""}},"bd7d4314-c6e3-4ea4-9879-c223cf99aa70":{"type":"text","settings":{"image":"shopify:\/\/shop_images\/Travel-lft-rt-1.jpg","buttontext":"Friendly Activations","buttonlink":""}}},"block_order":["c3f83c4b-43f3-4e32-9c64-74f0e065a85b","7230ca43-3ac4-445f-88a5-8b9af021d596","bd7d4314-c6e3-4ea4-9879-c223cf99aa70"],"disabled":true,"settings":{}},"165143682967bfa241":{"type":"heading","disabled":true,"settings":{"heading":"Innovations That Support Mother Earth"}},"16514364004aa6b84e":{"type":"icon-bar","blocks":{"a77c787f-a786-453a-9f3c-400ba540c47d":{"type":"text","settings":{"heading":"Cordura","subheading":"","image":"https:\/\/cdn.shopify.com\/s\/files\/1\/0563\/8802\/6402\/files\/BAGS_Sympl_Design-Icon-2.svg?v=1651171532"}},"736b7c05-1906-481f-b12c-26bcfb6d7204":{"type":"text","settings":{"heading":"Recycled packaging","subheading":"","image":"https:\/\/cdn.shopify.com\/s\/files\/1\/0563\/8802\/6402\/files\/BAGS_Valuables-4.svg?v=1651171532"}},"f2fe7ace-b6be-43d7-aba9-e253bb4646b0":{"type":"text","settings":{"heading":"Re-Leash","subheading":"","image":"https:\/\/cdn.shopify.com\/s\/files\/1\/0563\/8802\/6402\/files\/BAGS_Elemental-Icon-1.svg?v=1651171532"}},"54b251f3-49be-42e1-ae3f-77cef81416d7":{"type":"text","settings":{"heading":"Eco Foam","subheading":"","image":"https:\/\/cdn.shopify.com\/s\/files\/1\/0563\/8802\/6402\/files\/BAGS_Sustainability-3.svg?v=1651171532"}}},"block_order":["a77c787f-a786-453a-9f3c-400ba540c47d","736b7c05-1906-481f-b12c-26bcfb6d7204","f2fe7ace-b6be-43d7-aba9-e253bb4646b0","54b251f3-49be-42e1-ae3f-77cef81416d7"],"disabled":true,"settings":{}},"video_image_YyJKzp":{"type":"video-image","name":"Video Image","settings":{"full_width_section":false,"video_link":"","video_position":"left","video_width":50}}},"order":["main","1644943063fffc95cc","16520322164881c23a","16449430809227ed24","16514369455b496e09","1652032483ef3c2080","1651437011a96a39bd","1652245397665c78a7","16514370194a63e245","1651437076804cc456","165143682967bfa241","16514364004aa6b84e","video_image_YyJKzp"]}