{"sections":{"5e271d9b-294b-4d2c-905b-ab76f0923b03":{"type":"single-image","disabled":true,"settings":{"heading":"","image":"shopify:\/\/shop_images\/Giveaway_Header_Desktop-V3.jpg","image1":"shopify:\/\/shop_images\/Giveaway_header_mobile.jpg"}},"2e5e02d3-8d4b-4d9c-b00d-894fa88c6402":{"type":"hero-banner-secondary","settings":{"image":"shopify:\/\/shop_images\/Giveaway_Header_Desktop-3.jpg","image1":"shopify:\/\/shop_images\/Giveaway_Header_mobile-3.jpg","heading":"","text":"","btn_text":"","btn_url":"","ptop":0}},"main":{"type":"main-page","custom_css":["h1 {display: none;}"],"settings":{}}},"order":["5e271d9b-294b-4d2c-905b-ab76f0923b03","2e5e02d3-8d4b-4d9c-b00d-894fa88c6402","main"]}