{"sections":{"16533246626870ea0a":{"type":"loyalty-1","settings":{"image":"shopify:\/\/shop_images\/Screenshot_2022-05-18_at_11.45.56_PM.webp","image1":"shopify:\/\/shop_images\/Screenshot_2022-05-18_at_11.45.56_PM.webp","heading":"Sympl Loyalty & Rewards","text":"<p>Meet our all-new loyalty & rewards program.<\/p>","buttontext":"JOIN NOW","link":"\/pages\/join-rewards"}},"1653324667e8fe2432":{"type":"loyalty-2","blocks":{"41b657cd-7406-4ff9-b77e-c4fa72909ee6":{"type":"text","settings":{"heading":"$1 spent = 1 point earned.","subheading":"<p>Shop online and earn valuable points. Every 50 points earns you $5 of sympl cash that’s credited to your account for you to use on future purchases.<\/p>","image":"https:\/\/cdn.shopify.com\/s\/files\/1\/0563\/8802\/6402\/t\/2\/assets\/unpack1.svg?v=1652770429"}},"196c4f08-000b-43cc-90e7-0f0598f4a216":{"type":"text","settings":{"heading":"VIP Customer Service.","subheading":"<p>Who wants to wait in line? Get elite customer service and direct, premium help when you need it most. Speak to brand experts within 24 hours.<\/p>","image":"https:\/\/cdn.shopify.com\/s\/files\/1\/0563\/8802\/6402\/t\/2\/assets\/unpack2.svg?v=1652771252"}},"f4ee48ed-538e-455a-ad82-77cf05b1ee94":{"type":"text","settings":{"heading":"A Symplº Gift","subheading":"<p>You’re a part of our brand d.n.a – so, let’s celebrate you. Our rewards program will plug you with benefits, from special discounts to gifts with purchase, and more.<\/p>","image":"https:\/\/cdn.shopify.com\/s\/files\/1\/0563\/8802\/6402\/t\/2\/assets\/unpack3.svg?v=1652771595"}},"eb7f3231-5b90-4afe-ab5a-7aa4bb654e7e":{"type":"text","settings":{"heading":"All Access Pass.","subheading":"<p>Get First access to sales, exclusive gear, and new product drops. Plus behind-the-scenes looks into how we design and make our products, links to exclusive content and more.<\/p>","image":"https:\/\/cdn.shopify.com\/s\/files\/1\/0563\/8802\/6402\/t\/2\/assets\/unpack4.svg?v=1652771601"}},"3f6b7931-9ea5-4bf5-a159-eac3bbb9bbc0":{"type":"text","settings":{"heading":"Gear Test Pilots.","subheading":"<p>Gain access to test unreleased products the team is working on. Become part of the sympl family and provide product feedback just like our athletes and ambassadors.<\/p>","image":"https:\/\/cdn.shopify.com\/s\/files\/1\/0563\/8802\/6402\/t\/2\/assets\/unpack5.svg?v=1652772858"}},"03463b36-33e5-466f-aa4c-f87acb1ca709":{"type":"text","settings":{"heading":"Save on gear.","subheading":"<p>Get 10% off your first order when you sign up for our loyalty and rewards program.<\/p>","image":"https:\/\/cdn.shopify.com\/s\/files\/1\/0563\/8802\/6402\/t\/2\/assets\/unpack6.svg?v=1652771611"}}},"block_order":["41b657cd-7406-4ff9-b77e-c4fa72909ee6","196c4f08-000b-43cc-90e7-0f0598f4a216","f4ee48ed-538e-455a-ad82-77cf05b1ee94","eb7f3231-5b90-4afe-ab5a-7aa4bb654e7e","3f6b7931-9ea5-4bf5-a159-eac3bbb9bbc0","03463b36-33e5-466f-aa4c-f87acb1ca709"],"settings":{"heading":"Unpack Sympl Rewards.","subheading":"Your one stop destination to all Sympl perks, benefits, incentives, and so much more."}},"1653324672ac803801":{"type":"loyalty-3","settings":{"image":"shopify:\/\/shop_images\/loyalty_reward_banner2.webp","image1":"shopify:\/\/shop_images\/loyalty_reward_banner2.webp","heading":"Gain access to Move Freely","text":"","buttontext":"JOIN NOW","link":"\/pages\/join-rewards"}}},"order":["16533246626870ea0a","1653324667e8fe2432","1653324672ac803801"]}