{"sections":{"main":{"type":"main-page","disabled":true,"settings":{}},"1652481399b598d440":{"type":"hero-banner","settings":{"image":"shopify:\/\/shop_images\/Contact_us_hero.png","image1":"shopify:\/\/shop_images\/contact_us-mobile.jpg","heading":"Contact Us","text":""}},"1652481424a465415b":{"type":"rich-text","blocks":{"1652481424c8992128-0":{"type":"heading","settings":{"heading":"Need Help?","heading_size":"h1"}},"1652481424c8992128-1":{"type":"text","settings":{"text":"<p>If you have any questions, concerns or feedback, let us know below and someone will get back to you with in 48 hours.  You can also email us at:  hello@symplofficial.com<\/p>"}},"1652481424c8992128-2":{"type":"button","disabled":true,"settings":{"button_label":"Button label","button_link":"","button_style_secondary":false}}},"block_order":["1652481424c8992128-0","1652481424c8992128-1","1652481424c8992128-2"],"settings":{"color_scheme":"background-1","full_width":true,"padding_top":40,"padding_bottom":52}},"form":{"type":"contact-form","settings":{"heading":"","color_scheme":"background-1","padding_top":36,"padding_bottom":36}}},"order":["main","1652481399b598d440","1652481424a465415b","form"]}