{"sections":{"1644943063fffc95cc":{"type":"hero-banner","settings":{"fix":false,"image":"shopify:\/\/shop_images\/about_us-1.jpg","image1":"shopify:\/\/shop_images\/anout_us_mobile.jpg","heading":"About Us","text":"<p>Experienced all over the world, yet born in Australia and raised in Southern California.<\/p>","btn_text":"","btn_url":"","ptop":0}},"16522942424ec1e6d2":{"type":"rich-text","blocks":{"1652294242099f273d-0":{"type":"heading","settings":{"heading":"A Sympl Idea.","heading_size":"h0"}},"1652294242099f273d-1":{"type":"text","settings":{"text":"<p>It all started years ago…The idea was born in Australia, but raised in Southern California. It was sympl by nature, and connected to it too. Collective experiences drove our ideation, we traveled to explore, surf, adventure, find fresh snow, and enjoy the landscape mother earth provides.  As our travels grew, we found ourselves not only in the wild, but also in the cities, experiencing architecture, art, and design, plus good times with our friends and family.  As our circle of influence grew something came into focus.  We saw the need for more ethically and sustainably produced gear to weather any storm.  This inspiration can be seen in everything we do, offering sustainable adventure essentials that adapt seamlessly to any environment. Our love for adventure drives the durability and elemental protection in each of our designs, while our passion for design and aesthetics inform our timeless silhouettes and on trend colorations.<\/p>"}},"1652294242099f273d-2":{"type":"button","disabled":true,"settings":{"button_label":"Button label","button_link":"","button_style_secondary":false}}},"block_order":["1652294242099f273d-0","1652294242099f273d-1","1652294242099f273d-2"],"settings":{"color_scheme":"background-1","full_width":true,"padding_top":40,"padding_bottom":52}},"1652295667694f6f17":{"type":"image-with-text","blocks":{"ce7c3ab1-1424-4190-95e2-8e91352e1cdd":{"type":"text","settings":{"heading":"How we move.","text":"<p>We know how you live –– it’s the same way we do. Constant spontaneous adventures. There’s no reason to say no, to live life to the fullest you want to always say yes. This is why our gear is highly adaptable, allowing you to move freely through any environment. Our timeless designs allow you to fit in anywhere, while our durable materials keep your gear looking new. So, where are you going to go? You can be a part of our evolution by sharing your feedback and adventures. #wherenext<\/p>","buttontext":"Learn More","buttonlink":""}}},"block_order":["ce7c3ab1-1424-4190-95e2-8e91352e1cdd"],"disabled":true,"settings":{}},"16522944100306e0d7":{"type":"rich-text","blocks":{"1652294410bbbbbad9-0":{"type":"heading","settings":{"heading":"Local Knowledge.","heading_size":"h0"}},"1652294410bbbbbad9-1":{"type":"text","settings":{"text":"<p>Our designs are informed by our experiences, pursuits, and travels, but have also launched to fanfare and reviews for our blend of innovative protective features and unique sustainable materials. Look us up and you’ll find a collection of press, from Hypebeast to the Hundreds talking about our use of these unique materials in interesting forms. Whether pioneering biodegradability in traction pads, eco-friendly performance in surf hardgoods, protective yet compacting design in gear bags, or the durability and protection in our latest range of Move Freely bags and accessories we are constantly refining, testing, and enjoying the process of making the best possible gear for you. So drop us a line, hit us up on facebook, or slide into our DMs. We are building a network based off loyalty and want to hear from you and how you are enjoying the sympl life. Together we can not only build a better future, but also better gear.<\/p>"}},"1652294410bbbbbad9-2":{"type":"button","disabled":true,"settings":{"button_label":"Button label","button_link":"","button_style_secondary":false}}},"block_order":["1652294410bbbbbad9-0","1652294410bbbbbad9-1","1652294410bbbbbad9-2"],"disabled":true,"settings":{"color_scheme":"background-1","full_width":true,"padding_top":40,"padding_bottom":52}},"1652296087933f952d":{"type":"image-overlay","settings":{"image":"shopify:\/\/shop_images\/Sustainble_Future-LR.jpg","color":"#ffffff","heading":"Sustainable at our Core.","text":"","buttontext":"Learn More","buttonlink":"https:\/\/symplofficial.com\/pages\/sustainbility"}},"1652294331cd13e749":{"type":"rich-text","blocks":{"1652294331d351a874-0":{"type":"heading","settings":{"heading":"If we protect the planet, it will protect us. It's sympl.","heading_size":"h0"}},"1652294331d351a874-1":{"type":"text","settings":{"text":"<p>Our passion for sustainability drives everything we do. We know this is important to you, so we continually challenge our designs, materials, manufacturing, and process to waste less and result in gear that lasts longer.   The ultimate sustainability is gear that last longer, which is why we focus on timeless, functional designs, built with durable materials. Our products will feel right and fit well in any environment – whether 10 or 20 years from now. <\/p><p>Sympl, timeless designs that are built tough offer a unique value proposition to our users, the ability to both remain relevant through 10 different settings or 4 different trend cycles, while also providing the adaptability to flow through various landscapes in adventure or business, from New York City to Mt. Kilimanjaro. Our products defy the boundaries of normal product design and features to give you<br\/>the most possible use cases in the short term, while also seamlessly transitioning through any landscape you come across.<\/p><p><\/p>"}},"1652294331d351a874-2":{"type":"button","disabled":true,"settings":{"button_label":"Button label","button_link":"","button_style_secondary":false}}},"block_order":["1652294331d351a874-0","1652294331d351a874-1","1652294331d351a874-2"],"settings":{"color_scheme":"background-1","full_width":true,"padding_top":40,"padding_bottom":52}},"16521358011ba601b9":{"type":"adventure-section","blocks":{"30edabac-733b-44cb-9849-be05d82090fb":{"type":"text","settings":{"image":"shopify:\/\/shop_images\/Values_Sustainability.jpg","heading":".25-1º","subheading":"Su","text":"<p>Sustainability<\/p>"}},"78726ed2-9022-49f5-8a40-c22f8e58093b":{"type":"text","settings":{"image":"shopify:\/\/shop_images\/Values_Elemental.jpg","heading":".25-2º","subheading":"Ep","text":"<p>Elemental Protection<\/p>"}},"c5171fd8-64a0-4e69-b39c-a01c25cf4903":{"type":"text","settings":{"image":"shopify:\/\/shop_images\/Values_Mobility.jpg","heading":".25-3º","subheading":"Mo","text":"<p>Mobility<\/p>"}},"237c4838-d204-4d06-a861-bff13a2e4f9b":{"type":"text","settings":{"image":"shopify:\/\/shop_images\/Values-Durability.jpg","heading":".25-4º","subheading":"Du","text":"<p>Durability<\/p>"}}},"block_order":["30edabac-733b-44cb-9849-be05d82090fb","78726ed2-9022-49f5-8a40-c22f8e58093b","c5171fd8-64a0-4e69-b39c-a01c25cf4903","237c4838-d204-4d06-a861-bff13a2e4f9b"],"settings":{"heading":"Values For Adventure."}}},"order":["1644943063fffc95cc","16522942424ec1e6d2","1652295667694f6f17","16522944100306e0d7","1652296087933f952d","1652294331cd13e749","16521358011ba601b9"]}