{"sections":{"16509714674ec1cfef":{"type":"page-banner","settings":{"image":"shopify:\/\/shop_images\/Pree_Page_Header.jpg","heading":"","text":""}},"main":{"type":"main-press","blocks":{"c03c0237-84d6-4221-b535-77dc49f88e5e":{"type":"text","settings":{"image":"shopify:\/\/shop_images\/Acquire_logo_1.png","heading":"Sympl's Japanese Neoprene bags offer a luxurious alternative to leather","link":"https:\/\/www.acquiremag.com\/style\/sympl-japanese-neoprene-bag-collection"}},"9e6a39e7-2193-4860-a066-b772cf5ac2ff":{"type":"text","settings":{"image":"shopify:\/\/shop_images\/hundreds.png","heading":"The Japanese brand is known for crafting beautiful accessories and this time they create a collection that is soft to the touch and durable without hurting a single animal","link":"https:\/\/thehundreds.com\/blogs\/content\/9-7-16-outlier-sympl-acronym"}},"b4b1052d-6f49-4db0-b4dc-4a8037208677":{"type":"text","settings":{"image":"shopify:\/\/shop_images\/hyeperbeast.png","heading":"Sympl Supply Co.'s Bags Offers up a New Luxurious Alternative to Leather","link":"https:\/\/hypebeast.com\/2016\/9\/sympl-supply-co-bags-leather-alternative"}},"4f4754ba-b1fe-4d08-8626-1c131d03e495":{"type":"text","settings":{"image":"shopify:\/\/shop_images\/theinertia-logo-surf.png","heading":"Gear We Test: The Fobber Allows You to Keep Electronic Keys IN Your Car While Surfing","link":"https:\/\/www.theinertia.com\/surf\/gear-we-test-the-fobber-allows-you-to-keep-electronic-keys-in-your-car-while-surfing\/"}},"fdcbdc92-6b73-4110-844c-5c59681b9cfb":{"type":"text","settings":{"image":"shopify:\/\/shop_images\/unnamed.png","heading":"If a fancy rolltop backpack turned into a shortboard bag, it will probably look like this stylishly-fashioned item from Sympl Supply","link":"https:\/\/www.clad.com\/sympl-supply-solitary-bag\/"}},"f286c028-6bc3-4a77-b91d-f227b69c6102":{"type":"text","settings":{"image":"shopify:\/\/shop_images\/Bless_this_stuff_new.png","heading":"Carry your board in style with the Solitary Boardbag by Sympl","link":"https:\/\/www.blessthisstuff.com\/stuff\/wear\/bags-luggage\/solitary-boardbag\/"}},"774e976f-1d4f-439b-b1e9-57e45bcb9204":{"type":"text","settings":{"image":"shopify:\/\/shop_images\/STAB.png","heading":"Sympl Makes A Full Commitment to Sustainability","link":"https:\/\/stabmag.com\/elsewhere\/sympl-makes-a-commitment-to-sustainability\/"}},"9167ae54-975c-48c0-932b-7ac5ef55026d":{"type":"text","settings":{"image":"shopify:\/\/shop_images\/unnamed_fc3c7ab4-ebef-4d09-aa92-0c9459ddd394.png","heading":"Stylish and heavy duty board bags","link":"https:\/\/theawesomer.com\/sympl-surfboard-bags\/382511\/"}}},"block_order":["c03c0237-84d6-4221-b535-77dc49f88e5e","9e6a39e7-2193-4860-a066-b772cf5ac2ff","b4b1052d-6f49-4db0-b4dc-4a8037208677","4f4754ba-b1fe-4d08-8626-1c131d03e495","fdcbdc92-6b73-4110-844c-5c59681b9cfb","f286c028-6bc3-4a77-b91d-f227b69c6102","774e976f-1d4f-439b-b1e9-57e45bcb9204","9167ae54-975c-48c0-932b-7ac5ef55026d"],"settings":{"heading":"In the news.","text":"<p>Contact us directly: <a href=\"mailto:hello@symplsupplyco.com\" target=\"_blank\"><strong>hello@symplsupplyco.com<\/strong><\/a><\/p>"}}},"order":["16509714674ec1cfef","main"]}