{"sections":{"1650971543735b5999":{"type":"page-banner","settings":{"image":"shopify:\/\/shop_images\/Coporate_Sales_Hero-1a.jpg","heading":"Corporate Sales","text":""}},"main":{"type":"main-corporate","settings":{"heading":"Sustainable travel essentials for the adventurous mind","text":"<p>From big businesses to collaborative classrooms, Sympl Supply Co. was created to gear up all types of organizations. We're here to help you place bulk orders to ensure your company, school, or staff makes the most out of their gear. Superior functionality, premium quality, highest sustainability standards — Sympl makes it easier for your team to adventure out and push to the next level.<br\/><br\/>#WHERENEXT<\/p>","heading2":"Get started","text2":"<p>Reach out to us to learn more and begin your order.<\/p>"}}},"order":["1650971543735b5999","main"]}