{"sections":{"9ca4b797-b471-4037-9a76-0fa9b71490b3":{"type":"image-overlay","settings":{"image":"shopify:\/\/shop_images\/BF-Header-1.jpg","color":"#ffffff","heading":"Sympl Warranty","text":"","buttontext":"","buttonlink":""}},"16522942424ec1e6d2":{"type":"rich-text","blocks":{"1652294242099f273d-1":{"type":"text","settings":{"text":"<p>All of our products are covered by a Limited Lifetime Warranty against manufacturing defects in materials and workmanship for the lifetime of the product.   If a product covered by this warranty fails due to a manufacturing defect in materials and workmanship we will repair the product, without charge, or replace it, at our discretion. This warranty does not cover damage caused by accident, improper care, negligence, normal wear and tear, or the natural breakdown of colors and materials over extended time and use. This warranty is available for products purchased on <a href=\"http:\/\/www.symplofficial.com\">www.symplofficial.com<\/a> or with proof of purchase from an authorized reseller. Only original, unaltered and unmodified items and workmanship are covered.  Damage not covered under warranty may be repaired for a reasonable rate and a fee will be charged for return shipping.  Please contact us in this situation at  <a href=\"mailto:hello@symplofficialc.om\">hello@symplofficial.com<\/a><\/p><p><\/p><p>* This warranty does not cover surfing accessories *<\/p>"}},"1652294242099f273d-2":{"type":"button","disabled":true,"settings":{"button_label":"Button label","button_link":"","button_style_secondary":false}}},"block_order":["1652294242099f273d-1","1652294242099f273d-2"],"settings":{"color_scheme":"background-1","full_width":true,"padding_top":40,"padding_bottom":52}},"1652295667694f6f17":{"type":"image-with-text","disabled":true,"blocks":{"ce7c3ab1-1424-4190-95e2-8e91352e1cdd":{"type":"text","settings":{"heading":"How we move.","text":"<p>We know how you live –– it’s the same way we do. Constant spontaneous adventures. There’s no reason to say no, to live life to the fullest you want to always say yes. This is why our gear is highly adaptable, allowing you to move freely through any environment. Our timeless designs allow you to fit in anywhere, while our durable materials keep your gear looking new. So, where are you going to go? You can be a part of our evolution by sharing your feedback and adventures. #wherenext<\/p>","buttontext":"Learn More","buttonlink":""}},"ab0c6420-8ed0-4db4-a819-d4ae765a0b54":{"type":"text","settings":{"heading":"","text":"","buttontext":"","buttonlink":""}}},"block_order":["ce7c3ab1-1424-4190-95e2-8e91352e1cdd","ab0c6420-8ed0-4db4-a819-d4ae765a0b54"],"settings":{}},"16522944100306e0d7":{"type":"rich-text","disabled":true,"blocks":{"1652294410bbbbbad9-0":{"type":"heading","settings":{"heading":"Local Knowledge.","heading_size":"h0"}},"1652294410bbbbbad9-1":{"type":"text","settings":{"text":"<p>Our designs are informed by our experiences, pursuits, and travels, but have also launched to fanfare and reviews for our blend of innovative protective features and unique sustainable materials. Look us up and you’ll find a collection of press, from Hypebeast to the Hundreds talking about our use of these unique materials in interesting forms. Whether pioneering biodegradability in traction pads, eco-friendly performance in surf hardgoods, protective yet compacting design in gear bags, or the durability and protection in our latest range of Move Freely bags and accessories we are constantly refining, testing, and enjoying the process of making the best possible gear for you. So drop us a line, hit us up on facebook, or slide into our DMs. We are building a network based off loyalty and want to hear from you and how you are enjoying the sympl life. Together we can not only build a better future, but also better gear.<\/p>"}},"1652294410bbbbbad9-2":{"type":"button","disabled":true,"settings":{"button_label":"Button label","button_link":"","button_style_secondary":false}}},"block_order":["1652294410bbbbbad9-0","1652294410bbbbbad9-1","1652294410bbbbbad9-2"],"settings":{"color_scheme":"background-1","full_width":true,"padding_top":40,"padding_bottom":52}},"1652296087933f952d":{"type":"image-overlay","disabled":true,"settings":{"image":"shopify:\/\/shop_images\/Sustainble_Future-LR.jpg","color":"#ffffff","heading":"Sustainable at our Core.","text":"","buttontext":"Learn More","buttonlink":""}},"1652294331cd13e749":{"type":"rich-text","disabled":true,"blocks":{"1652294331d351a874-1":{"type":"text","disabled":true,"settings":{"text":"<p>All of our products are covered by a Limited Lifetime Warranty against manufacturing defects in materials and workmanship for the lifetime of the product.  <\/p><p>If a product covered by this warranty fails due to a manufacturing defect in materials and workmanship we will repair the product, without charge, or replace it, at our discretion.<\/p><p>This warranty does not cover damage caused by accident, improper care, negligence, normal wear and tear, or the natural breakdown of colors and materials over extended time and use.<\/p><p>This warranty is available for products purchased on <a href=\"http:\/\/www.symplofficial.com\">www.symplofficial.com<\/a> or with proof of purchase from an authorized reseller. Only original, unaltered and unmodified items and workmanship are covered. <\/p><p>Damage not covered under warranty may be repaired for a reasonable rate and a fee will be charged for return shipping.  Please contact us in this situation at  <a href=\"mailto:hello@symplofficialc.om\">hello@symplofficial.com<\/a><\/p>"}},"1652294331d351a874-0":{"type":"heading","settings":{"heading":"If we protect the planet, it will protect us. It's sympl.","heading_size":"h0"}},"1652294331d351a874-2":{"type":"button","disabled":true,"settings":{"button_label":"Button label","button_link":"","button_style_secondary":false}}},"block_order":["1652294331d351a874-1","1652294331d351a874-0","1652294331d351a874-2"],"settings":{"color_scheme":"background-1","full_width":true,"padding_top":40,"padding_bottom":52}},"16521358011ba601b9":{"type":"adventure-section","blocks":{"30edabac-733b-44cb-9849-be05d82090fb":{"type":"text","settings":{"image":"shopify:\/\/shop_images\/Values_Sustainability.jpg","heading":".25-1º","subheading":"Su","text":"<p>Sustainability<\/p>"}},"78726ed2-9022-49f5-8a40-c22f8e58093b":{"type":"text","settings":{"image":"shopify:\/\/shop_images\/Values_Elemental.jpg","heading":".25-2º","subheading":"Ep","text":"<p>Elemental Protection<\/p>"}},"c5171fd8-64a0-4e69-b39c-a01c25cf4903":{"type":"text","settings":{"image":"shopify:\/\/shop_images\/Values_Mobility.jpg","heading":".25-3º","subheading":"Mo","text":"<p>Mobility<\/p>"}},"237c4838-d204-4d06-a861-bff13a2e4f9b":{"type":"text","settings":{"image":"shopify:\/\/shop_images\/Values-Durability.jpg","heading":".25-4º","subheading":"Du","text":"<p>Durability<\/p>"}}},"block_order":["30edabac-733b-44cb-9849-be05d82090fb","78726ed2-9022-49f5-8a40-c22f8e58093b","c5171fd8-64a0-4e69-b39c-a01c25cf4903","237c4838-d204-4d06-a861-bff13a2e4f9b"],"settings":{"heading":"Values For Adventure."}}},"order":["9ca4b797-b471-4037-9a76-0fa9b71490b3","16522942424ec1e6d2","1652295667694f6f17","16522944100306e0d7","1652296087933f952d","1652294331cd13e749","16521358011ba601b9"]}