{"sections":{"main":{"type":"main-page","disabled":true,"settings":{}},"1644943063fffc95cc":{"type":"hero-banner","settings":{"fix":false,"image":"shopify:\/\/shop_images\/Where_Next_Hero.jpg","image1":"shopify:\/\/shop_images\/where_next-mobile.jpg","heading":"Where Next™️","text":"<p>Our reminder to contanstly say yes, push further, and experience more.  Equally inspiring for spontaneous adventures, in our backyard, or across the globe.<\/p>","btn_text":"","btn_url":"","ptop":0}},"16449430809227ed24":{"type":"image-with-text","blocks":{"19b876c9-865e-4c1d-ae69-064dad492c5d":{"type":"text","settings":{"image":"shopify:\/\/shop_images\/Where_Next-LR-1.jpg","heading":"What it Means to You.","text":"<p>“Where Next?” Is a question by design. To motivate you to grab your gear and hit the road, get inspired, see new things and meet new people. The world is an amazing place, with endless possibilities to explore. Go ahead, ask yourself this question and let us know how it works out… where next?<\/p>","buttontext":"","buttonlink":""}},"aead0440-f6af-4eae-bb57-d9a516de9ebe":{"type":"text","settings":{"image":"shopify:\/\/shop_images\/Where_Next-LR02.jpg","heading":"Looking Forward.","text":"<p>Our slogan drives us forward, not only in life, but also in the advancement of our brand and our designs. We are constantly looking for new challenges for our gear, and solutions to fit the needs of your everyday experiences. Where Next? - drives us to innovate across categories, materials, and silhouettes.<\/p>","buttontext":"","buttonlink":""}},"18216fec-af31-4ede-accc-1f43ff1238d1":{"type":"text","disabled":true,"settings":{"image":"shopify:\/\/shop_images\/affilate_program-1.jpg","heading":"A Sustainable Future.","text":"<p>We constantly seek out the latest innovations and materials to stay at the forefront of eco-friendly design and manufacturing. When you choose sympl you are choosing the best sustainable options, driven by our passion to protect our collective future and our beloved planet. Never finished, always pushing forward in the journey of a more sustainable future. Where Next™️<\/p>","buttontext":"","buttonlink":""}},"0b8fb261-b74e-4a26-8ac9-0b9c5e03bfc5":{"type":"text","disabled":true,"settings":{"image":"shopify:\/\/shop_images\/Asset_2.png","heading":"Motivated and Mobile.","text":"<p>Anyone can follow a plan, but we all know the best experiences are unexpected and spontaneous. As you travel and move, keep this motto in mind – “Where Next” will drive you into new territories and friendships.<\/p>","buttontext":"","buttonlink":""}},"534b7864-7875-4e71-b7b9-1470d92c0210":{"type":"text","disabled":true,"settings":{"image":"shopify:\/\/shop_images\/Sling-LR-8.jpg","heading":"Join our Journey.","text":"<p>We understand that life<br\/>is a work in progress, that it is forever evolving, with many routes to choose from and paths to follow.  Ask yourself “Where Next?” – as you navigate through your choices and see how this approach can maximize your experiences. You are<br\/>all contributors in our “where next” journey, and a key part of the sympl movement.<\/p>","buttontext":"","buttonlink":""}}},"block_order":["19b876c9-865e-4c1d-ae69-064dad492c5d","aead0440-f6af-4eae-bb57-d9a516de9ebe","18216fec-af31-4ede-accc-1f43ff1238d1","0b8fb261-b74e-4a26-8ac9-0b9c5e03bfc5","534b7864-7875-4e71-b7b9-1470d92c0210"],"settings":{}},"16521375012b9a8942":{"type":"hero-banner","settings":{"fix":false,"image":"shopify:\/\/shop_images\/Where_Next_Boarding_Ticket.jpg","image1":"shopify:\/\/shop_images\/Where_Next_Boarding_Ticket.jpg","heading":"","text":"","btn_text":"","btn_url":"","ptop":0}},"1652032483ef3c2080":{"type":"image-with-text","blocks":{"5117e2aa-bb95-404d-a723-69b64cb839fd":{"type":"text","settings":{"image":"shopify:\/\/shop_images\/A_sunstainable_future.jpg","heading":"A Sustainable Future.","text":"<p>We constantly seek out the latest innovations and materials to stay at the forefront of eco-friendly design and manufacturing. When you choose sympl you are choosing the best sustainable options, driven by our passion to protect our collective future and our beloved planet. Never finished, always pushing forward in the journey of a more sustainable future. Where Next™️<\/p>","buttontext":"","buttonlink":""}},"1a5b378d-1579-49ba-a796-5341c2eb5dee":{"type":"text","settings":{"image":"shopify:\/\/shop_images\/Forrest_moto_GIF_657ad03d-cc42-4e17-ac8d-05583a2737e2.gif","heading":"Motivated and Mobile.","text":"<p>Anyone can follow a plan, but we all know the best experiences are unexpected and spontaneous. As you travel and move, keep this motto in mind – “Where Next” will drive you into new territories, friendships and personal growth.<\/p>","buttontext":"","buttonlink":""}},"e5d72bd4-40cb-4b6b-b072-82e31b6f5b33":{"type":"text","settings":{"image":"shopify:\/\/shop_images\/Sling-LR-3.jpg","heading":"Join our Journey.","text":"<p>We understand that life is a work in progress, that it is forever evolving, with many routes to choose from and paths to follow.  Ask yourself “Where Next?” as you navigate through your choices and see how this approach can maximize your experiences. You are all contributors in our “where next” journey, and a key part of the sympl movement.<\/p>","buttontext":"","buttonlink":""}}},"block_order":["5117e2aa-bb95-404d-a723-69b64cb839fd","1a5b378d-1579-49ba-a796-5341c2eb5dee","e5d72bd4-40cb-4b6b-b072-82e31b6f5b33"],"settings":{}},"16521358011ba601b9":{"type":"adventure-section","blocks":{"30edabac-733b-44cb-9849-be05d82090fb":{"type":"text","settings":{"image":"shopify:\/\/shop_images\/Values_Sustainability.jpg","heading":".25-1º","subheading":"Su","text":"<p>Sustainability<\/p>"}},"78726ed2-9022-49f5-8a40-c22f8e58093b":{"type":"text","settings":{"image":"shopify:\/\/shop_images\/Values_Elemental.jpg","heading":".25-2º","subheading":"Ep","text":"<p>Elemental Protection<\/p>"}},"c5171fd8-64a0-4e69-b39c-a01c25cf4903":{"type":"text","settings":{"image":"shopify:\/\/shop_images\/Values_Mobility.jpg","heading":".25-3º","subheading":"Mo","text":"<p>Mobility<\/p>"}},"237c4838-d204-4d06-a861-bff13a2e4f9b":{"type":"text","settings":{"image":"shopify:\/\/shop_images\/Values-Durability.jpg","heading":".25-4º","subheading":"Du","text":"<p>Durability<\/p>"}}},"block_order":["30edabac-733b-44cb-9849-be05d82090fb","78726ed2-9022-49f5-8a40-c22f8e58093b","c5171fd8-64a0-4e69-b39c-a01c25cf4903","237c4838-d204-4d06-a861-bff13a2e4f9b"],"settings":{"heading":"Values For Adventure."}},"16520322164881c23a":{"type":"rich-text","blocks":{"165203221601e958d6-0":{"type":"heading","settings":{"heading":"Where Next?","heading_size":"h0"}},"165203221601e958d6-1":{"type":"text","settings":{"text":"<p>It’s up to you now, as we chart our collective future.<\/p>"}},"165203221601e958d6-2":{"type":"button","disabled":true,"settings":{"button_label":"Button label","button_link":"","button_style_secondary":false}}},"block_order":["165203221601e958d6-0","165203221601e958d6-1","165203221601e958d6-2"],"settings":{"color_scheme":"background-1","full_width":true,"padding_top":76,"padding_bottom":80}},"1651437011a96a39bd":{"type":"rich-text","blocks":{"1651437011285318c9-0":{"type":"heading","settings":{"heading":"TELL US HOW WE CAN DO BETTER.","heading_size":"h0"}},"1651437011285318c9-1":{"type":"text","settings":{"text":"<p>We’d love to hear your feedback or ideas on our sustainability initiatives, or if you have any ideas how we can do better, please let us know.<\/p>"}},"1651437011285318c9-2":{"type":"button","settings":{"button_label":"INSERT CONTACT FORM HERE","button_link":"","button_style_secondary":true}}},"block_order":["1651437011285318c9-0","1651437011285318c9-1","1651437011285318c9-2"],"disabled":true,"settings":{"color_scheme":"background-1","full_width":true,"padding_top":40,"padding_bottom":52}},"16514370194a63e245":{"type":"heading","disabled":true,"settings":{"heading":"Symply Activated."}},"1651437076804cc456":{"type":"carousel-section","blocks":{"c3f83c4b-43f3-4e32-9c64-74f0e065a85b":{"type":"text","settings":{"image":"shopify:\/\/shop_images\/affilate_program-1.jpg","buttontext":"BEACH CLEAN UPS","buttonlink":""}},"7230ca43-3ac4-445f-88a5-8b9af021d596":{"type":"text","settings":{"image":"shopify:\/\/shop_images\/Section-4_Durability.jpg","buttontext":"Rallying for Reforestation","buttonlink":""}},"bd7d4314-c6e3-4ea4-9879-c223cf99aa70":{"type":"text","settings":{"image":"shopify:\/\/shop_images\/Travel-lft-rt-1.jpg","buttontext":"Friendly Activations","buttonlink":""}}},"block_order":["c3f83c4b-43f3-4e32-9c64-74f0e065a85b","7230ca43-3ac4-445f-88a5-8b9af021d596","bd7d4314-c6e3-4ea4-9879-c223cf99aa70"],"disabled":true,"settings":{}},"165143682967bfa241":{"type":"heading","disabled":true,"settings":{"heading":"Innovations That Support Mother Earth"}},"16514364004aa6b84e":{"type":"icon-bar","blocks":{"a77c787f-a786-453a-9f3c-400ba540c47d":{"type":"text","settings":{"heading":"Cordura","subheading":"","image":"https:\/\/cdn.shopify.com\/s\/files\/1\/0563\/8802\/6402\/files\/BAGS_Sympl_Design-Icon-2.svg?v=1651171532"}},"736b7c05-1906-481f-b12c-26bcfb6d7204":{"type":"text","settings":{"heading":"Recycled packaging","subheading":"","image":"https:\/\/cdn.shopify.com\/s\/files\/1\/0563\/8802\/6402\/files\/BAGS_Valuables-4.svg?v=1651171532"}},"f2fe7ace-b6be-43d7-aba9-e253bb4646b0":{"type":"text","settings":{"heading":"Re-Leash","subheading":"","image":"https:\/\/cdn.shopify.com\/s\/files\/1\/0563\/8802\/6402\/files\/BAGS_Elemental-Icon-1.svg?v=1651171532"}},"54b251f3-49be-42e1-ae3f-77cef81416d7":{"type":"text","settings":{"heading":"Eco Foam","subheading":"","image":"https:\/\/cdn.shopify.com\/s\/files\/1\/0563\/8802\/6402\/files\/BAGS_Sustainability-3.svg?v=1651171532"}}},"block_order":["a77c787f-a786-453a-9f3c-400ba540c47d","736b7c05-1906-481f-b12c-26bcfb6d7204","f2fe7ace-b6be-43d7-aba9-e253bb4646b0","54b251f3-49be-42e1-ae3f-77cef81416d7"],"disabled":true,"settings":{}},"16514369455b496e09":{"type":"video-section","disabled":true,"settings":{"video":"https:\/\/cdn.shopify.com\/s\/files\/1\/0563\/8802\/6402\/files\/Save_the_Planet_Video_Loop.mp4?v=1648214386","video1":"","heading":"SUSTAINABILITY VIDEO HERE"}}},"order":["main","1644943063fffc95cc","16449430809227ed24","16521375012b9a8942","1652032483ef3c2080","16521358011ba601b9","16520322164881c23a","1651437011a96a39bd","16514370194a63e245","1651437076804cc456","165143682967bfa241","16514364004aa6b84e","16514369455b496e09"]}