{"current":{"colors_accent_1":"#121212","colors_text":"#121212","heading_scale":100,"page_width":1000,"buttons_border_opacity":100,"inputs_border_opacity":10,"badge_corner_radius":40,"favicon":"shopify:\/\/shop_images\/Favicon-White.png","sections":{"header":{"type":"header","blocks":{"63e76eb6-1fbf-4f71-bc4e-83e81b2c0235":{"type":"Megamenu","settings":{"heading":"All Bags","link":"shopify:\/\/collections\/bags","enable":true,"heading1":"ALL BAGS","image1":"shopify:\/\/shop_images\/Move_Freely_Menu.png","buttonlink1":"shopify:\/\/collections\/bags","heading2":"Backpacks","image2":"shopify:\/\/shop_images\/Menu_weekender.png","buttonlink2":"shopify:\/\/collections\/backpacks","heading3":"Totes","image3":"shopify:\/\/shop_images\/Menu_tote-3.png","buttonlink3":"shopify:\/\/collections\/totes","heading4":"Slings","image4":"shopify:\/\/shop_images\/Menu_Sling-V2.png","buttonlink4":"shopify:\/\/collections\/slings","heading5":"","buttonlink5":"","heading6":"Accessories","image6":"shopify:\/\/shop_images\/Menu_accessories-2.png","buttonlink6":"shopify:\/\/collections\/accessories","heading7":"Wallets","image7":"shopify:\/\/shop_images\/Menu_wallets.png","buttonlink7":"shopify:\/\/collections\/wallets","heading8":"","buttonlink8":""}},"a908c4db-6dab-40b8-94aa-f0efb7c8f674":{"type":"Megamenu","settings":{"heading":"Backpacks","link":"shopify:\/\/collections\/backpacks","enable":true,"heading1":"Travel – 35L","image1":"shopify:\/\/shop_images\/Menu_Travel_Pack.png","buttonlink1":"shopify:\/\/products\/travel-pack","heading2":"Weekender – 25L","image2":"shopify:\/\/shop_images\/Menu_weekender.png","buttonlink2":"shopify:\/\/products\/weekender-pack","heading3":"Commuter – 20L","image3":"shopify:\/\/shop_images\/Menu_commuter.png","buttonlink3":"shopify:\/\/products\/commuter-pack","heading4":"","buttonlink4":"","heading5":"","buttonlink5":"","heading6":"","buttonlink6":"","heading7":"","buttonlink7":"","heading8":"","buttonlink8":""}},"megamenu_Ww6ape":{"type":"Megamenu","settings":{"heading":"Totes","link":"shopify:\/\/collections\/totes","enable":true,"heading1":"All Terrain – 20L","image1":"shopify:\/\/shop_images\/Menu_tote-1.png","buttonlink1":"shopify:\/\/products\/all-terrain-tote","heading2":"Vergara - 20L","image2":"shopify:\/\/shop_images\/menu_Vergara_tote.png","buttonlink2":"shopify:\/\/products\/vergara-tote","heading3":"","buttonlink3":"","heading4":"","buttonlink4":"","heading5":"","buttonlink5":"","heading6":"","buttonlink6":"","heading7":"","buttonlink7":"","heading8":"","buttonlink8":""}},"megamenu_XEbweV":{"type":"Megamenu","settings":{"heading":"Slings","link":"shopify:\/\/collections\/slings","enable":true,"heading1":"Phone – 1.5L","image1":"shopify:\/\/shop_images\/menu_phone_sling.png","buttonlink1":"shopify:\/\/products\/phone-sling","heading2":"Commuter - 2.5L","image2":"shopify:\/\/shop_images\/Menu_commuter-sling.png","buttonlink2":"shopify:\/\/products\/commuter-sling","heading3":"Motion - 3L","image3":"shopify:\/\/shop_images\/Menu_Sling-V2.png","buttonlink3":"shopify:\/\/products\/motion-sling","heading4":"","buttonlink4":"","heading5":"","buttonlink5":"","heading6":"","buttonlink6":"","heading7":"","buttonlink7":"","heading8":"","buttonlink8":""}},"megamenu_gLhWy6":{"type":"Megamenu","settings":{"heading":"Accessories","link":"shopify:\/\/collections\/accessories","enable":true,"heading1":"Wallets","image1":"shopify:\/\/shop_images\/Menu_wallets.png","buttonlink1":"shopify:\/\/collections\/wallets","heading2":"Dopp Kit","image2":"shopify:\/\/shop_images\/Menu_dopp_kit.png","buttonlink2":"shopify:\/\/products\/dopp-kit","heading3":"Packing Cubes","image3":"shopify:\/\/shop_images\/menu_packing_cubes.png","buttonlink3":"shopify:\/\/products\/packing-cubes","heading4":"Tech Kit","image4":"shopify:\/\/shop_images\/Menu_tech_sling_2.png","buttonlink4":"shopify:\/\/products\/tech-kit","heading5":"Shoulder Strap","image5":"shopify:\/\/shop_images\/menu_shoulder_Strap.png","buttonlink5":"shopify:\/\/products\/shoulder-strap","heading6":"Hats","image6":"shopify:\/\/shop_images\/Menu_hats.png","buttonlink6":"shopify:\/\/collections\/hats","heading7":"","buttonlink7":"","heading8":"","buttonlink8":""}},"megamenu_3cfmwq":{"type":"Megamenu","settings":{"heading":"Wallets","link":"shopify:\/\/collections\/wallets","enable":true,"heading1":"Tech Card Wallet","image1":"shopify:\/\/shop_images\/Menu_wallets.png","buttonlink1":"shopify:\/\/products\/tech-note-wallet","heading2":"Tech Note Wallet","image2":"shopify:\/\/shop_images\/Menu_note-wallet.png","buttonlink2":"shopify:\/\/products\/tech-note-wallet","heading3":"","buttonlink3":"","heading4":"","buttonlink4":"","heading5":"","buttonlink5":"","heading6":"","buttonlink6":"","heading7":"","buttonlink7":"","heading8":"","buttonlink8":""}},"0f657eec-6ce7-4ef7-bbdf-238e0665b274":{"type":"Megamenu","disabled":true,"settings":{"heading":"About Us","link":"shopify:\/\/pages\/about-us","enable":true,"heading1":"Sustainability","image1":"shopify:\/\/shop_images\/Sustainability-Menu.png","buttonlink1":"shopify:\/\/pages\/sustainbility","heading2":"Where Next?","image2":"shopify:\/\/shop_images\/Where_Next-Menu.png","buttonlink2":"shopify:\/\/pages\/where-next","heading3":"About Us","image3":"shopify:\/\/shop_images\/About_Us-Menu-1.jpg","buttonlink3":"shopify:\/\/pages\/about-us","heading4":"","buttonlink4":"","heading5":"","buttonlink5":"","heading6":"","buttonlink6":"","heading7":"","buttonlink7":"","heading8":"","buttonlink8":""}}},"block_order":["63e76eb6-1fbf-4f71-bc4e-83e81b2c0235","a908c4db-6dab-40b8-94aa-f0efb7c8f674","megamenu_Ww6ape","megamenu_XEbweV","megamenu_gLhWy6","megamenu_3cfmwq","0f657eec-6ce7-4ef7-bbdf-238e0665b274"],"custom_css":["@media screen and (max-width: 480px) {.h_menu .h_menu_ul li a {font-size: 1.8rem; }}"],"settings":{"tb_text_1":"Free Shipping for U.S. Orders over $99","bg_color_1":"#f5f5f5","tb_text_2":"30-Day Easy Returns","bg_color_2":"#e6f3ff","tb_text_3":"Sign Up for 10% Off Your First Order","bg_color_3":"#f0f0f0","mobile_header_color":"white"}},"footer":{"type":"footer","settings":{}},"main-password-header":{"type":"main-password-header","settings":{}},"main-password-footer":{"type":"main-password-footer","settings":{}},"slide-cart":{"type":"slide-cart","custom_css":[],"settings":{}},"collection":{"type":"collection","settings":{}},"shop-by-category":{"type":"shop-by-category","blocks":{"category_cKdwVL":{"type":"category","settings":{"image":"shopify:\/\/shop_images\/Laptop-Lifestyle-Commuter-20L_Ballistic.jpg","title":"Backpacks","subtitle":"","link":"shopify:\/\/collections\/backpacks"}},"category_BPP8Gh":{"type":"category","settings":{"image":"shopify:\/\/shop_images\/All-Terrain-Tote-functions.jpg","title":"Totes","subtitle":"","link":"shopify:\/\/collections\/totes"}},"category_pUdBJd":{"type":"category","settings":{"image":"shopify:\/\/shop_images\/Category_slings_ef691945-80de-4efe-97ff-e45b7ca2095a.jpg","title":"Slings","subtitle":"","link":"shopify:\/\/collections\/slings"}},"category_qi6bDT":{"type":"category","settings":{"image":"shopify:\/\/shop_images\/Teech-Kit-PDP-4.jpg","title":"Accessories","subtitle":"","link":"shopify:\/\/collections\/accessories"}},"category_Jzrdpd":{"type":"category","settings":{"image":"shopify:\/\/shop_images\/Category_wallets.jpg","title":"Wallets","subtitle":"","link":"shopify:\/\/collections\/wallets"}}},"block_order":["category_cKdwVL","category_BPP8Gh","category_pUdBJd","category_qi6bDT","category_Jzrdpd"],"settings":{"title":"Shop by category","background_color":"#ffffff","title_color":"#000000"}}},"content_for_index":[],"blocks":{"855628211100114053":{"type":"shopify:\/\/apps\/klaviyo-email-marketing-sms\/blocks\/klaviyo-onsite-embed\/2632fe16-c075-4321-a88b-50b567f42507","disabled":false,"settings":{}},"15683396631634586217":{"type":"shopify:\/\/apps\/inbox\/blocks\/chat\/841fc607-4181-4ad1-842d-e24d7f8bad6b","disabled":true,"settings":{"button_color":"#000000","secondary_color":"#ffffff","ternary_color":"#6A6A6A","button_icon":"chat_bubble","button_text":"no_text","button_horizontal_position":"bottom_left","button_vertical_position":"lowest","greeting_message":"👋 Hello! Please message us if you have questions, we'd love to help!"}},"14060646107696862457":{"type":"shopify:\/\/apps\/judge-me-reviews\/blocks\/judgeme_core\/61ccd3b1-a9f2-4160-9fe9-4fec8413e5d8","disabled":false,"settings":{}},"12120936241911852800":{"type":"shopify:\/\/apps\/judge-me-reviews\/blocks\/reviews_tab\/61ccd3b1-a9f2-4160-9fe9-4fec8413e5d8","disabled":true,"settings":{"position":"right"}},"10864971697205422121":{"type":"shopify:\/\/apps\/gorgias-live-chat-helpdesk\/blocks\/gorgias\/a66db725-7b96-4e3f-916e-6c8e6f87aaaa","disabled":false,"settings":{}},"14952540001915115444":{"type":"shopify:\/\/apps\/upcart-cart-drawer\/blocks\/app-embed\/af3da5fb-f5f7-40ec-8273-41bf50059d4b","disabled":false,"settings":{}},"8218531531362863771":{"type":"shopify:\/\/apps\/kite-discount-free-gift\/blocks\/app-embed\/2c7302c4-455d-4078-a829-48563ba26089","disabled":false,"settings":{}},"4550790387604203027":{"type":"shopify:\/\/apps\/parcelpanel-returns\/blocks\/app.embed\/129d97fb-4680-4d86-bac4-b13c4bacb6f4","disabled":false,"settings":{}}}},"presets":{"Default":{"sections":{"announcement-bar":{"type":"announcement-bar","blocks":{"announcement-bar-0":{"type":"announcement","settings":{"color_scheme":"background-1"}}},"block_order":["announcement-bar-0"],"settings":{}},"header":{"type":"header","settings":{"logo_width":90}},"footer":{"type":"footer","blocks":{"footer-0":{"type":"link_list","settings":{}},"footer-1":{"type":"link_list","settings":{"heading":"Info"}},"footer-2":{"type":"text","settings":{"heading":"Our mission"}}},"block_order":["footer-0","footer-1","footer-2"],"settings":{"show_social":true,"enable_country_selector":false,"enable_language_selector":false,"margin_top":48}},"main-password-header":{"type":"main-password-header","settings":{}},"main-password-footer":{"type":"main-password-footer","settings":{}}}}}}