{"sections":{"cc_hero_section_hTUj6d":{"type":"cc-hero-section","blocks":{"testimonial_image_4dxpV9":{"type":"testimonial-image","settings":{"image":"shopify:\/\/shop_images\/Packing-Cube-PDP-1.jpg"}},"testimonial_image_npWyYr":{"type":"testimonial-image","settings":{"image":"shopify:\/\/shop_images\/5-star-clameshell-commuter-v2.jpg"}},"testimonial_image_6Hg6UJ":{"type":"testimonial-image","settings":{"image":"shopify:\/\/shop_images\/5-star-water-bottle-commuter-v2.jpg"}},"testimonial_image_ihWAEi":{"type":"testimonial-image","settings":{"image":"shopify:\/\/shop_images\/Commuter-V2-Luggage-Feature.jpg"}}},"block_order":["testimonial_image_4dxpV9","testimonial_image_npWyYr","testimonial_image_6Hg6UJ","testimonial_image_ihWAEi"],"name":"CC Hero Section","settings":{"title":"Lorem ipsum something with {{ metaobject[\"cc-creator-first-name\"].value }}","heading_text_size":54,"heading_size":"h2","subtitle":"Get a discount by shopping from my curated collections.","description_text_size":16,"eyebrowcopy":"Recommended by {{ metaobject[\"cc-creator-first-name\"].value }}","eyebrow_text_size":14,"eyebrow_corner_radius":100,"eyebrowbackground":"#f2f2f2","eyebrowtextcolor":"#000000","eyebrowbordercolor":"","eyebrow_border_width":0,"stars":"Trusted by 10,000 others","show_stars":true,"star_text_size":12,"star_size":15,"star_adjustment_spacing":0,"star_color":"#000000","background":"{{ metaobject[\"cc-creator-shop-theme-primary-color\"].value }}","textcolor":"#000000","eyebrow_margin_bottom":22,"heading_margin_bottom":36,"star_margin_bottom":5,"show_creator_products":true,"hide_featured_product":false,"number_of_recommendations":3,"product_corner_radius":12,"product_cta_corner_radius":100,"productcta":"View","featured-product":"featured-product-handle","product_url":"https:\/\/productlink.com","apply_discount":false,"show_compare":"false","product_background":"#ffffff","product_text_color":"#000000","product_border_color":"","product_cta_background":"#000000","product_cta_text_color":"#ffffff","product_cta_border_color":"","product_border_width":0,"product_cta_border_width":0,"subscription_txt":"#000000","certified_bg":"#000000","border_color":"#000000","border_width":0,"video_corner_radius":12,"cta_bg":"#000000","cta_text":"#ffffff","cta_hover_bg":"#ffffff","cta_hover_text":"#000000","section_background":"#ffffff","section_padding_left_right_mobile":0,"section_padding_top_bottom_mobile":0,"section_padding_left_right":0,"section_padding_top_bottom":0,"center_gap":0,"padding_left":100,"padding_top":24,"padding_bottom":0,"container_border_radius":0}},"rich_text_aGLfLn":{"type":"rich-text","blocks":{"heading_XYRYHq":{"type":"heading","settings":{"heading":"{{ metaobject[\"cc-creator-first-name\"].value }}'s Favorites","heading_size":"h2"}},"text_8b6KKX":{"type":"text","settings":{"text":"<p>All vetted & approved by {{ metaobject[\"cc-creator-first-name\"].value }}<\/p>"}}},"block_order":["heading_XYRYHq","text_8b6KKX"],"settings":{"color_scheme":"background-1","full_width":true,"padding_top":40,"padding_bottom":0}},"cc_product_listing_ybi8GK":{"type":"cc-product-listing","name":"CC Products Section","settings":{"collection":"bags","grid":25}},"fa846a75-d2c6-4f3b-b0d6-e57ff547fcc4":{"type":"hero-banner","disabled":true,"custom_css":["a.btn2.btn3 {background: transparent; color: white; border-radius: 0px !important;}","@media screen and (max-width: 540px) {.main_heading_wrap p {font-size: 3rem; padding: right:25px; padding-right: 15px; padding-left: 15px; } @media screen and (max-width: 540px) {.main_heading_wrap h1 {font-size: 6rem; }}"],"settings":{"fix":true,"image":"shopify:\/\/shop_images\/Wallet-homepage-2.jpg","image1":"shopify:\/\/shop_images\/Bag_collection_mobile02.jpg","heading":"Introducing the Tech wallets","text":"<p><strong>Magnetic, Compact, Pocket-Perfection.<\/strong><\/p>","btn_text":"Shop NOW","btn_url":"shopify:\/\/products\/tech-card-wallet","ptop":0}},"shop_by_category_bkPtBz":{"type":"shop-by-category","blocks":{"category_KjeKCX":{"type":"category","settings":{"image":"shopify:\/\/shop_images\/Laptop-Lifestyle-Commuter-20L_Ballistic.jpg","title":"Backpacks","subtitle":"","link":"shopify:\/\/collections\/backpacks"}},"category_q7d9Qz":{"type":"category","settings":{"image":"shopify:\/\/shop_images\/All-Terrain-Tote-functions.jpg","title":"Totes","subtitle":"","link":"shopify:\/\/collections\/totes"}},"category_N4eQEX":{"type":"category","settings":{"image":"shopify:\/\/shop_images\/Category_slings_ef691945-80de-4efe-97ff-e45b7ca2095a.jpg","title":"Slings","subtitle":"","link":"shopify:\/\/collections\/slings"}},"category_znqXmr":{"type":"category","settings":{"image":"shopify:\/\/shop_images\/Teech-Kit-PDP-4.jpg","title":"Accessories","subtitle":"","link":"shopify:\/\/collections\/accessories"}},"category_Q3Qbp3":{"type":"category","settings":{"image":"shopify:\/\/shop_images\/Category_wallets.jpg","title":"Wallets","subtitle":"Cash & Cards","link":"shopify:\/\/collections\/wallets"}}},"block_order":["category_KjeKCX","category_q7d9Qz","category_N4eQEX","category_znqXmr","category_Q3Qbp3"],"name":"Shop by Category","settings":{"title":"Shop by category","background_color":"#ffffff","title_color":"#333333"}},"activities_7P9Gyc":{"type":"activities","blocks":{"activity_dN9LjN":{"type":"activity","settings":{"activity_name":"EDC","show_arrow":false,"desktop_image":"shopify:\/\/shop_images\/Desktop_Activites.jpg","mobile_image":"shopify:\/\/shop_images\/Mobile_Activies.jpg","link":"shopify:\/\/collections\/edc"}},"activity_QdQyKG":{"type":"activity","settings":{"activity_name":"Travel","show_arrow":false,"desktop_image":"shopify:\/\/shop_images\/Desktop_Activites-2.jpg","mobile_image":"shopify:\/\/shop_images\/Mobile_Activies-2.jpg","link":"shopify:\/\/collections\/travel"}},"activity_rghPgr":{"type":"activity","settings":{"activity_name":"Active","show_arrow":false,"desktop_image":"shopify:\/\/shop_images\/Desktop_Activites-3.jpg","mobile_image":"shopify:\/\/shop_images\/Mobile_Activies-3.jpg","link":"shopify:\/\/collections\/active"}},"activity_aBYqV6":{"type":"activity","settings":{"activity_name":"Work","show_arrow":false,"desktop_image":"shopify:\/\/shop_images\/Desktop_Activites-4.jpg","mobile_image":"shopify:\/\/shop_images\/Mobile_Activies-4.jpg","link":"shopify:\/\/collections\/work"}},"activity_Q8cRBU":{"type":"activity","settings":{"activity_name":"Adventure","show_arrow":false,"desktop_image":"shopify:\/\/shop_images\/Desktop_Activites-5.jpg","mobile_image":"shopify:\/\/shop_images\/Mobile_Activies-5.jpg","link":"shopify:\/\/collections\/adventure"}}},"block_order":["activity_dN9LjN","activity_QdQyKG","activity_rghPgr","activity_aBYqV6","activity_Q8cRBU"],"name":"Activities","settings":{"title":"ACTIVITIES"}},"best_sellers_nc4fW7":{"type":"best-sellers","name":"Best Sellers","settings":{"title":"Shop best sellers","collection":"best-sellers","products_to_show":8,"default_subtitle":"Premium Quality","subtitle_1":"Premium Travel Backpack","subtitle_2":"Perfect for Weekend Trips","subtitle_3":"Ideal for Daily Commute","subtitle_4":"Versatile All-Terrain Tote","subtitle_5":"Lightweight Travel Companion","subtitle_6":"Durable Everyday Carry","subtitle_7":"Spacious Storage Solution","subtitle_8":"Stylish Urban Design","subtitle_9":"Water-Resistant Material","subtitle_10":"Compact Travel Solution","subtitle_11":"Ergonomic Comfort Design","subtitle_12":"Premium Quality Materials"}},"as_featured_in_PiM4Aa":{"type":"as-featured-in","blocks":{"logo_4TExrN":{"type":"logo","settings":{"logo_name":"GQ","logo_image":"shopify:\/\/shop_images\/GQ-banner-3.png","logo_link":""}},"logo_jkNPQc":{"type":"logo","settings":{"logo_name":"The Hundreds","logo_image":"shopify:\/\/shop_images\/Hundreds-banner.png","logo_link":""}},"logo_AjiHFU":{"type":"logo","settings":{"logo_name":"Acquire","logo_image":"shopify:\/\/shop_images\/Acquire-banner.png","logo_link":""}},"logo_LgdhWQ":{"type":"logo","settings":{"logo_name":"Hypebeast","logo_image":"shopify:\/\/shop_images\/Hypbeast-banner.png","logo_link":""}},"logo_eP7aqF":{"type":"logo","settings":{"logo_name":"The Hundreds","logo_image":"shopify:\/\/shop_images\/Hundreds-banner.png","logo_link":""}}},"block_order":["logo_4TExrN","logo_jkNPQc","logo_AjiHFU","logo_LgdhWQ","logo_eP7aqF"],"name":"As Featured In","settings":{"title":"As Featured In","scroll_speed":20}},"shop_new_releases_fNNLbF":{"type":"shop-new-releases","blocks":{"slide_WNUFe9":{"type":"slide","settings":{"image":"shopify:\/\/shop_images\/Shop_New_Releases_4.jpg","title":"Commuter Pack 20L","price":"Ballistic & Carbonate","link":"shopify:\/\/products\/commuter-pack"}},"slide_nQcCrm":{"type":"slide","settings":{"image":"shopify:\/\/shop_images\/Shop_New_Releases_3.jpg","title":"All Terrain Tote  20L","price":"Ballistic & X-Pac","link":"shopify:\/\/products\/all-terrain-tote"}},"slide_9MRP6n":{"type":"slide","settings":{"image":"shopify:\/\/shop_images\/Shop_New_Releases_1.jpg","title":"Dopp Kit","price":"Carbonate","link":"shopify:\/\/products\/dopp-kit"}},"slide_BHiyYQ":{"type":"slide","settings":{"image":"shopify:\/\/shop_images\/Shop_New_Releases_2.jpg","title":"Tech Wallets","price":"Note & Card","link":"shopify:\/\/products\/tech-note-wallet"}}},"block_order":["slide_WNUFe9","slide_nQcCrm","slide_9MRP6n","slide_BHiyYQ"],"name":"Shop New Releases","settings":{"heading":"Shop new drops"}},"testimonials_R3hARf":{"type":"testimonials","blocks":{"testimonial_XGgGnN":{"type":"testimonial","settings":{"quote":"Sympl just gets it. The design, the details, the way everything’s built to work and look good—I’ve been impressed from the start. Plus their customer service is top notch and were so helpful when I had reached out with questions.","author":"Brett L."}},"testimonial_Pbi86w":{"type":"testimonial","settings":{"quote":"I’ve used my Sympl bags everywhere—from weekend trips to international travel, and they’ve held up great. Everything’s easy to access, and I never feel like I’m carrying too much.","author":"Corey W."}},"testimonial_aP4n6e":{"type":"testimonial","settings":{"quote":"Out of all the brands I own, Sympl is the one I reach for the most and the brand I keep coming back to. I love that everything works great together or on its own. It’s all super durable and so well designed, it makes every trip easier.","author":"Tyler L."}}},"block_order":["testimonial_XGgGnN","testimonial_Pbi86w","testimonial_aP4n6e"],"name":"Testimonials","settings":{"mobile_quote":"I’ve used my Sympl bags everywhere—from weekend trips to international travel, and they’ve held up great. Everything’s easy to access, and I never feel like I’m carrying too much.","mobile_author":"Corey W."}}},"order":["cc_hero_section_hTUj6d","rich_text_aGLfLn","cc_product_listing_ybi8GK","fa846a75-d2c6-4f3b-b0d6-e57ff547fcc4","shop_by_category_bkPtBz","activities_7P9Gyc","best_sellers_nc4fW7","as_featured_in_PiM4Aa","shop_new_releases_fNNLbF","testimonials_R3hARf"]}